_time,T1--Temp_01_Lid,T1--Temp_02_SideWall,T1--Temp_03_Handle,T1--Temp_04_InnerWall,T1--Temp_05_Ambient_Temp,elapsed_minutes,Weighted_Temp,Doneness_Score
2026-03-17 08:41:25.118000+00:00,31.706,31.278,30.877,31.363,31.26,0.0,31.4146,0.22490544079138572
2026-03-17 08:41:25.671000+00:00,31.706,31.278,30.877,31.363,31.26,0.009216666666666668,31.4146,0.22490544079138572
2026-03-17 08:41:26.182000+00:00,31.706,31.278,30.877,31.363,31.26,0.017733333333333334,31.4146,0.22490544079138572
2026-03-17 08:41:26.697000+00:00,31.706,31.278,30.877,31.363,31.26,0.026316666666666665,31.4146,0.22490544079138572
2026-03-17 08:41:27.208000+00:00,31.706,31.265,30.808,31.368,31.255,0.034833333333333334,31.415,0.23274419957815132
2026-03-17 08:41:27.721000+00:00,31.706,31.265,30.808,31.368,31.255,0.043383333333333336,31.415,0.23274419957815132
2026-03-17 08:41:28.227000+00:00,31.706,31.265,30.808,31.368,31.255,0.051816666666666664,31.415,0.23274419957815132
2026-03-17 08:41:28.745000+00:00,31.706,31.265,30.808,31.368,31.255,0.06045,31.415,0.23274419957815132
2026-03-17 08:41:29.313000+00:00,31.691,31.273,30.756,31.371,31.216,0.06991666666666667,31.415399999999998,0.28989299837171023
2026-03-17 08:41:29.882000+00:00,31.691,31.273,30.756,31.371,31.216,0.0794,31.415399999999998,0.28989299837171023
2026-03-17 08:41:30.383000+00:00,31.691,31.273,30.756,31.371,31.216,0.08775,31.415399999999998,0.28989299837171023
2026-03-17 08:41:30.948000+00:00,31.706,31.278,30.795,31.357,31.237,0.09716666666666667,31.411,0.2530430609484796
2026-03-17 08:41:31.513000+00:00,31.706,31.278,30.795,31.357,31.237,0.10658333333333332,31.411,0.2530430609484796
2026-03-17 08:41:32.085000+00:00,31.706,31.278,30.795,31.357,31.237,0.11611666666666666,31.411,0.2530430609484796
2026-03-17 08:41:32.655000+00:00,31.706,31.278,30.795,31.357,31.237,0.12561666666666665,31.411,0.2530430609484796
2026-03-17 08:41:33.249000+00:00,31.685,31.271,30.852,31.356,31.231,0.13551666666666667,31.4048,0.25273015457546266
2026-03-17 08:41:33.819000+00:00,31.685,31.271,30.852,31.356,31.231,0.14501666666666668,31.4048,0.25273015457546266
2026-03-17 08:41:34.346000+00:00,31.685,31.271,30.852,31.356,31.231,0.1538,31.4048,0.25273015457546266
2026-03-17 08:41:34.895000+00:00,31.685,31.271,30.852,31.356,31.231,0.16294999999999998,31.4048,0.25273015457546266
2026-03-17 08:41:35.400000+00:00,31.677,31.274,31.145,31.348,31.216,0.17136666666666667,31.398999999999997,0.2660502442428418
2026-03-17 08:41:35.956000+00:00,31.677,31.274,31.145,31.348,31.216,0.1806333333333333,31.398999999999997,0.2660502442428418
2026-03-17 08:41:36.526000+00:00,31.677,31.274,31.145,31.348,31.216,0.19013333333333332,31.398999999999997,0.2660502442428418
2026-03-17 08:41:37.040000+00:00,31.691,31.282,31.238,31.346,31.231,0.19870000000000002,31.4022,0.24894938126190422
2026-03-17 08:41:37.547000+00:00,31.691,31.282,31.238,31.346,31.231,0.20715,31.4022,0.24894938126190422
2026-03-17 08:41:38.063000+00:00,31.691,31.282,31.238,31.346,31.231,0.21575,31.4022,0.24894938126190422
2026-03-17 08:41:38.574000+00:00,31.691,31.282,31.238,31.346,31.231,0.22426666666666667,31.4022,0.24894938126190422
2026-03-17 08:41:39.088000+00:00,31.683,31.279,31.166,31.369,31.231,0.23283333333333334,31.413800000000002,0.2658174468146989
2026-03-17 08:41:39.600000+00:00,31.683,31.279,31.166,31.369,31.231,0.24136666666666665,31.413800000000002,0.2658174468146989
2026-03-17 08:41:40.171000+00:00,31.683,31.279,31.166,31.369,31.231,0.25088333333333335,31.413800000000002,0.2658174468146989
2026-03-17 08:41:40.722000+00:00,31.683,31.279,31.166,31.369,31.231,0.26006666666666667,31.413800000000002,0.2658174468146989
2026-03-17 08:41:41.290000+00:00,31.672,31.282,31.172,31.351,31.213,0.26953333333333335,31.401399999999995,0.2738889615770339
2026-03-17 08:41:41.855000+00:00,31.672,31.282,31.172,31.351,31.213,0.27895,31.401399999999995,0.2738889615770339
2026-03-17 08:41:42.426000+00:00,31.672,31.282,31.172,31.351,31.213,0.28846666666666665,31.401399999999995,0.2738889615770339
2026-03-17 08:41:42.978000+00:00,31.672,31.282,31.172,31.351,31.213,0.29766666666666663,31.401399999999995,0.2738889615770339
2026-03-17 08:41:43.488000+00:00,31.68,31.279,31.18,31.343,31.192,0.3061666666666667,31.397599999999997,0.2988024648296665
2026-03-17 08:41:44+00:00,31.68,31.279,31.18,31.343,31.192,0.31470000000000004,31.397599999999997,0.2988024648296665
2026-03-17 08:41:44.513000+00:00,31.68,31.279,31.18,31.343,31.192,0.32325,31.397599999999997,0.2988024648296665
2026-03-17 08:41:45.080000+00:00,31.68,31.279,31.18,31.343,31.192,0.3327,31.397599999999997,0.2988024648296665
2026-03-17 08:41:45.659000+00:00,31.696,31.302,31.501,31.357,31.181,0.34235,31.413800000000002,0.3382786730408768
2026-03-17 08:41:46.255000+00:00,31.696,31.302,31.501,31.357,31.181,0.35228333333333334,31.413800000000002,0.3382786730408768
2026-03-17 08:41:46.767000+00:00,31.696,31.302,31.501,31.357,31.181,0.3608166666666667,31.413800000000002,0.3382786730408768
2026-03-17 08:41:47.276000+00:00,31.691,31.312,31.759,31.352,31.192,0.3693,31.4118,0.3194396000465053
2026-03-17 08:41:47.789000+00:00,31.691,31.312,31.759,31.352,31.192,0.37784999999999996,31.4118,0.3194396000465053
2026-03-17 08:41:48.301000+00:00,31.691,31.312,31.759,31.352,31.192,0.38638333333333336,31.4118,0.3194396000465053
2026-03-17 08:41:48.813000+00:00,31.691,31.312,31.759,31.352,31.192,0.3949166666666667,31.4118,0.3194396000465053
2026-03-17 08:41:49.326000+00:00,31.693,31.312,31.757,31.365,31.208,0.40346666666666664,31.419999999999998,0.30817536922897976
2026-03-17 08:41:49.836000+00:00,31.693,31.312,31.757,31.365,31.208,0.41196666666666665,31.419999999999998,0.30817536922897976
2026-03-17 08:41:50.348000+00:00,31.693,31.312,31.757,31.365,31.208,0.4205,31.419999999999998,0.30817536922897976
2026-03-17 08:41:50.861000+00:00,31.693,31.312,31.757,31.365,31.208,0.42905,31.419999999999998,0.30817536922897976
2026-03-17 08:41:51.373000+00:00,31.685,31.325,31.408,31.355,31.221,0.4375833333333333,31.415,0.2820628389479333
2026-03-17 08:41:51.944000+00:00,31.685,31.325,31.408,31.355,31.221,0.4471,31.415,0.2820628389479333
2026-03-17 08:41:52.544000+00:00,31.685,31.325,31.408,31.355,31.221,0.45709999999999995,31.415,0.2820628389479333
2026-03-17 08:41:53.115000+00:00,31.685,31.325,31.408,31.355,31.221,0.4666166666666667,31.415,0.2820628389479333
2026-03-17 08:41:53.624000+00:00,31.68,31.317,31.39,31.365,31.229,0.4751,31.418400000000002,0.2754067848366356
2026-03-17 08:41:54.145000+00:00,31.68,31.317,31.39,31.365,31.229,0.48378333333333334,31.418400000000002,0.2754067848366356
2026-03-17 08:41:54.648000+00:00,31.68,31.317,31.39,31.365,31.229,0.4921666666666667,31.418400000000002,0.2754067848366356
2026-03-17 08:41:55.160000+00:00,31.68,31.317,31.39,31.365,31.229,0.5007,31.418400000000002,0.2754067848366356
2026-03-17 08:41:55.676000+00:00,31.683,31.317,31.659,31.357,31.255,0.5093,31.4142,0.2315804785802633
2026-03-17 08:41:56.187000+00:00,31.683,31.317,31.659,31.357,31.255,0.5178166666666667,31.4142,0.2315804785802633
2026-03-17 08:41:56.702000+00:00,31.683,31.317,31.659,31.357,31.255,0.5264,31.4142,0.2315804785802633
2026-03-17 08:41:57.215000+00:00,31.683,31.317,31.659,31.357,31.255,0.53495,31.4142,0.2315804785802633
2026-03-17 08:41:57.717000+00:00,31.672,31.324,31.753,31.351,31.234,0.5433166666666666,31.409799999999997,0.25564959427623435
2026-03-17 08:41:58.235000+00:00,31.672,31.324,31.753,31.351,31.234,0.5519499999999999,31.409799999999997,0.25564959427623435
2026-03-17 08:41:58.804000+00:00,31.672,31.324,31.753,31.351,31.234,0.5614333333333333,31.409799999999997,0.25564959427623435
2026-03-17 08:41:59.361000+00:00,31.672,31.324,31.753,31.351,31.234,0.5707166666666666,31.409799999999997,0.25564959427623435
2026-03-17 08:41:59.873000+00:00,31.675,31.319,31.608,31.361,31.242,0.57925,31.4154,0.25218883620815163
2026-03-17 08:42:00.384000+00:00,31.675,31.319,31.608,31.361,31.242,0.5877666666666667,31.4154,0.25218883620815163
2026-03-17 08:42:00.895000+00:00,31.675,31.319,31.608,31.361,31.242,0.5962833333333334,31.4154,0.25218883620815163
2026-03-17 08:42:01.407000+00:00,31.675,31.319,31.608,31.361,31.242,0.6048166666666667,31.4154,0.25218883620815163
2026-03-17 08:42:01.922000+00:00,31.693,31.34,31.724,31.346,31.231,0.6134000000000001,31.4142,0.2663991042475525
2026-03-17 08:42:02.433000+00:00,31.693,31.34,31.724,31.346,31.231,0.6219166666666667,31.4142,0.2663991042475525
2026-03-17 08:42:03.007000+00:00,31.693,31.34,31.724,31.346,31.231,0.6314833333333334,31.4142,0.2663991042475525
2026-03-17 08:42:03.559000+00:00,31.701,31.345,31.946,31.356,31.226,0.6406833333333334,31.422800000000002,0.2861546514671289
2026-03-17 08:42:04.070000+00:00,31.701,31.345,31.946,31.356,31.226,0.6492,31.422800000000002,0.2861546514671289
2026-03-17 08:42:04.586000+00:00,31.701,31.345,31.946,31.356,31.226,0.6578,31.422800000000002,0.2861546514671289
2026-03-17 08:42:05.097000+00:00,31.701,31.345,31.946,31.356,31.226,0.6663166666666667,31.422800000000002,0.2861546514671289
2026-03-17 08:42:05.609000+00:00,31.654,31.361,31.904,31.335,31.218,0.67485,31.404,0.2704195865197289
2026-03-17 08:42:06.121000+00:00,31.654,31.361,31.904,31.335,31.218,0.6833833333333333,31.404,0.2704195865197289
2026-03-17 08:42:06.637000+00:00,31.654,31.361,31.904,31.335,31.218,0.6919833333333333,31.404,0.2704195865197289
2026-03-17 08:42:07.152000+00:00,31.654,31.361,31.904,31.335,31.218,0.7005666666666667,31.404,0.2704195865197289
2026-03-17 08:42:07.671000+00:00,31.677,31.348,31.914,31.356,31.224,0.7092166666666666,31.4186,0.2829475398394807
2026-03-17 08:42:08.178000+00:00,31.677,31.348,31.914,31.356,31.224,0.7176666666666667,31.4186,0.2829475398394807
2026-03-17 08:42:08.751000+00:00,31.677,31.348,31.914,31.356,31.224,0.7272166666666667,31.4186,0.2829475398394807
2026-03-17 08:42:09.320000+00:00,31.677,31.348,31.914,31.356,31.224,0.7367,31.4186,0.2829475398394807
2026-03-17 08:42:09.914000+00:00,31.691,31.386,31.77,31.336,31.242,0.7466,31.416999999999998,0.25451583815701034
2026-03-17 08:42:10.425000+00:00,31.691,31.386,31.77,31.336,31.242,0.7551166666666667,31.416999999999998,0.25451583815701034
2026-03-17 08:42:10.933000+00:00,31.691,31.386,31.77,31.336,31.242,0.7635833333333333,31.416999999999998,0.25451583815701034
2026-03-17 08:42:11.449000+00:00,31.691,31.386,31.77,31.336,31.242,0.7721833333333333,31.416999999999998,0.25451583815701034
2026-03-17 08:42:11.995000+00:00,31.685,31.386,31.791,31.357,31.245,0.7812833333333333,31.4284,0.26674423678277787
2026-03-17 08:42:12.893000+00:00,31.685,31.386,31.791,31.357,31.245,0.79625,31.4284,0.26674423678277787
2026-03-17 08:42:13.424000+00:00,31.685,31.386,31.791,31.357,31.245,0.8050999999999999,31.4284,0.26674423678277787
2026-03-17 08:42:13.994000+00:00,31.683,31.386,32.312,31.365,31.226,0.8146,31.4328,0.3006950300985855
2026-03-17 08:42:14.519000+00:00,31.683,31.386,32.312,31.365,31.226,0.82335,31.4328,0.3006950300985855
2026-03-17 08:42:15.033000+00:00,31.683,31.386,32.312,31.365,31.226,0.8319166666666666,31.4328,0.3006950300985855
2026-03-17 08:42:15.543000+00:00,31.683,31.386,32.312,31.365,31.226,0.8404166666666666,31.4328,0.3006950300985855
2026-03-17 08:42:16.053000+00:00,31.669,31.41,31.902,31.348,31.194,0.8489166666666667,31.424599999999998,0.33514519082638
2026-03-17 08:42:16.623000+00:00,31.669,31.41,31.902,31.348,31.194,0.8584166666666667,31.424599999999998,0.33514519082638
2026-03-17 08:42:17.218000+00:00,31.669,31.41,31.902,31.348,31.194,0.8683333333333334,31.424599999999998,0.33514519082638
2026-03-17 08:42:17.796000+00:00,31.67,31.393,32.099,31.364,31.197,0.8779666666666667,31.431,0.3401014490647236
2026-03-17 08:42:18.308000+00:00,31.67,31.393,32.099,31.364,31.197,0.8865,31.431,0.3401014490647236
2026-03-17 08:42:18.818000+00:00,31.67,31.393,32.099,31.364,31.197,0.895,31.431,0.3401014490647236
2026-03-17 08:42:19.332000+00:00,31.67,31.393,32.099,31.364,31.197,0.9035666666666666,31.431,0.3401014490647236
2026-03-17 08:42:19.839000+00:00,31.649,31.403,32.069,31.342,31.224,0.9120166666666666,31.415599999999998,0.278585553099915
2026-03-17 08:42:20.355000+00:00,31.649,31.403,32.069,31.342,31.224,0.9206166666666667,31.415599999999998,0.278585553099915
2026-03-17 08:42:20.870000+00:00,31.649,31.403,32.069,31.342,31.224,0.9292,31.415599999999998,0.278585553099915
2026-03-17 08:42:21.411000+00:00,31.649,31.403,32.069,31.342,31.224,0.9382166666666667,31.415599999999998,0.278585553099915
2026-03-17 08:42:22.093000+00:00,31.651,31.409,32.214,31.344,31.213,0.9495833333333333,31.418400000000002,0.29860293369386787
2026-03-17 08:42:22.680000+00:00,31.651,31.409,32.214,31.344,31.213,0.9593666666666666,31.418400000000002,0.29860293369386787
2026-03-17 08:42:23.250000+00:00,31.651,31.409,32.214,31.344,31.213,0.9688666666666667,31.418400000000002,0.29860293369386787
2026-03-17 08:42:23.834000+00:00,31.651,31.409,32.214,31.344,31.213,0.9786,31.418400000000002,0.29860293369386787
2026-03-17 08:42:24.349000+00:00,31.654,31.409,32.053,31.35,31.213,0.9871833333333334,31.4226,0.3047087385697853
2026-03-17 08:42:24.918000+00:00,31.654,31.409,32.053,31.35,31.213,0.9966666666666666,31.4226,0.3047087385697853
2026-03-17 08:42:25.475000+00:00,31.654,31.409,32.053,31.35,31.213,1.00595,31.4226,0.3047087385697853
2026-03-17 08:42:25.988000+00:00,31.638,31.448,32.524,31.346,31.192,1.0145,31.4248,0.3383327520055822
2026-03-17 08:42:26.512000+00:00,31.638,31.448,32.524,31.346,31.192,1.0232333333333332,31.4248,0.3383327520055822
2026-03-17 08:42:27.066000+00:00,31.638,31.448,32.524,31.346,31.192,1.0324666666666666,31.4248,0.3383327520055822
2026-03-17 08:42:27.639000+00:00,31.638,31.448,32.524,31.346,31.192,1.0420166666666666,31.4248,0.3383327520055822
2026-03-17 08:42:28.239000+00:00,31.654,31.464,32.289,31.346,31.176,1.0520166666666666,31.4312,0.370800883412766
2026-03-17 08:42:28.754000+00:00,31.654,31.464,32.289,31.346,31.176,1.0606,31.4312,0.370800883412766
2026-03-17 08:42:29.288000+00:00,31.654,31.464,32.289,31.346,31.176,1.0695000000000001,31.4312,0.370800883412766
2026-03-17 08:42:29.880000+00:00,31.654,31.464,32.289,31.346,31.176,1.0793666666666666,31.4312,0.370800883412766
2026-03-17 08:42:30.392000+00:00,31.67,31.496,32.086,31.351,31.157,1.0879,31.443799999999996,0.41660009005998566
2026-03-17 08:42:30.957000+00:00,31.67,31.496,32.086,31.351,31.157,1.0973166666666667,31.443799999999996,0.41660009005998566
2026-03-17 08:42:31.557000+00:00,31.67,31.496,32.086,31.351,31.157,1.1073166666666665,31.443799999999996,0.41660009005998566
2026-03-17 08:42:32.131000+00:00,31.677,31.498,32.421,31.343,31.16,1.1168833333333335,31.4408,0.40790238233585013
2026-03-17 08:42:32.697000+00:00,31.677,31.498,32.421,31.343,31.16,1.1263166666666666,31.4408,0.40790238233585013
2026-03-17 08:42:33.273000+00:00,31.677,31.498,32.421,31.343,31.16,1.1359166666666667,31.4408,0.40790238233585013
2026-03-17 08:42:33.866000+00:00,31.677,31.498,32.421,31.343,31.16,1.1458000000000002,31.4408,0.40790238233585013
2026-03-17 08:42:34.439000+00:00,31.664,31.497,32.531,31.351,31.176,1.1553499999999999,31.4428,0.3876554690224339
2026-03-17 08:42:34.995000+00:00,31.664,31.497,32.531,31.351,31.176,1.1646166666666666,31.4428,0.3876554690224339
2026-03-17 08:42:35.508000+00:00,31.664,31.497,32.531,31.351,31.176,1.1731666666666667,31.4428,0.3876554690224339
2026-03-17 08:42:36.025000+00:00,31.664,31.497,32.531,31.351,31.176,1.1817833333333332,31.4428,0.3876554690224339
2026-03-17 08:42:36.538000+00:00,31.628,31.526,32.148,31.33,31.156,1.1903333333333335,31.4288,0.39625820696066494
2026-03-17 08:42:37.046000+00:00,31.628,31.526,32.148,31.33,31.156,1.1987999999999999,31.4288,0.39625820696066494
2026-03-17 08:42:37.612000+00:00,31.628,31.526,32.148,31.33,31.156,1.2082333333333333,31.4288,0.39625820696066494
2026-03-17 08:42:38.174000+00:00,31.641,31.526,32.212,31.327,31.164,1.2176,31.429599999999997,0.38584461618919697
2026-03-17 08:42:38.680000+00:00,31.641,31.526,32.212,31.327,31.164,1.2260333333333333,31.429599999999997,0.38584461618919697
2026-03-17 08:42:39.191000+00:00,31.641,31.526,32.212,31.327,31.164,1.2345499999999998,31.429599999999997,0.38584461618919697
2026-03-17 08:42:39.704000+00:00,31.641,31.526,32.212,31.327,31.164,1.2430999999999999,31.429599999999997,0.38584461618919697
2026-03-17 08:42:40.216000+00:00,31.628,31.545,32.238,31.322,31.131,1.2516333333333334,31.4278,0.4309631329045014
2026-03-17 08:42:40.731000+00:00,31.628,31.545,32.238,31.322,31.131,1.2602166666666668,31.4278,0.4309631329045014
2026-03-17 08:42:41.320000+00:00,31.628,31.545,32.238,31.322,31.131,1.2700333333333333,31.4278,0.4309631329045014
2026-03-17 08:42:41.890000+00:00,31.628,31.545,32.238,31.322,31.131,1.2795333333333334,31.4278,0.4309631329045014
2026-03-17 08:42:42.471000+00:00,31.612,31.523,32.642,31.308,31.147,1.2892166666666667,31.4118,0.3845874544319071
2026-03-17 08:42:43.054000+00:00,31.612,31.523,32.642,31.308,31.147,1.2989333333333335,31.4118,0.3845874544319071
2026-03-17 08:42:43.642000+00:00,31.612,31.523,32.642,31.308,31.147,1.3087333333333333,31.4118,0.3845874544319071
2026-03-17 08:42:44.175000+00:00,31.612,31.523,32.642,31.308,31.147,1.3176166666666667,31.4118,0.3845874544319071
2026-03-17 08:42:44.725000+00:00,31.604,31.531,32.634,31.318,31.131,1.3267833333333334,31.417800000000003,0.4164428117149996
2026-03-17 08:42:45.254000+00:00,31.604,31.531,32.634,31.318,31.131,1.3356,31.417800000000003,0.4164428117149996
2026-03-17 08:42:45.845000+00:00,31.604,31.531,32.634,31.318,31.131,1.34545,31.417800000000003,0.4164428117149996
2026-03-17 08:42:46.360000+00:00,31.601,31.557,32.567,31.301,31.123,1.3540333333333334,31.4122,0.41987891458686855
2026-03-17 08:42:46.874000+00:00,31.601,31.557,32.567,31.301,31.123,1.3626,31.4122,0.41987891458686855
2026-03-17 08:42:47.385000+00:00,31.601,31.557,32.567,31.301,31.123,1.3711166666666665,31.4122,0.41987891458686855
2026-03-17 08:42:47.957000+00:00,31.601,31.557,32.567,31.301,31.123,1.38065,31.4122,0.41987891458686855
2026-03-17 08:42:48.525000+00:00,31.58,31.578,33.247,31.287,31.131,1.3901166666666667,31.403799999999997,0.3961143620496836
2026-03-17 08:42:49.095000+00:00,31.58,31.578,33.247,31.287,31.131,1.3996166666666667,31.403799999999997,0.3961143620496836
2026-03-17 08:42:49.681000+00:00,31.58,31.578,33.247,31.287,31.131,1.4093833333333334,31.403799999999997,0.3961143620496836
2026-03-17 08:42:50.253000+00:00,31.58,31.578,33.247,31.287,31.131,1.4189166666666668,31.403799999999997,0.3961143620496836
2026-03-17 08:42:50.771000+00:00,31.567,31.585,32.83,31.271,31.124,1.42755,31.393,0.3905569429119024
2026-03-17 08:42:51.280000+00:00,31.567,31.585,32.83,31.271,31.124,1.4360333333333335,31.393,0.3905569429119024
2026-03-17 08:42:51.792000+00:00,31.567,31.585,32.83,31.271,31.124,1.4445666666666668,31.393,0.3905569429119024
2026-03-17 08:42:52.301000+00:00,31.567,31.585,32.83,31.271,31.124,1.4530500000000002,31.393,0.3905569429119024
2026-03-17 08:42:52.813000+00:00,31.565,31.59,33.134,31.289,31.088,1.4615833333333332,31.4044,0.4591362897608515
2026-03-17 08:42:53.324000+00:00,31.565,31.59,33.134,31.289,31.088,1.4701,31.4044,0.4591362897608515
2026-03-17 08:42:53.841000+00:00,31.565,31.59,33.134,31.289,31.088,1.4787166666666667,31.4044,0.4591362897608515
2026-03-17 08:42:54.353000+00:00,31.565,31.59,33.134,31.289,31.088,1.48725,31.4044,0.4591362897608515
2026-03-17 08:42:54.870000+00:00,31.549,31.606,32.838,31.27,31.072,1.4958666666666667,31.393,0.4657033426183866
2026-03-17 08:42:55.378000+00:00,31.549,31.606,32.838,31.27,31.072,1.5043333333333335,31.393,0.4657033426183866
2026-03-17 08:42:55.887000+00:00,31.549,31.606,32.838,31.27,31.072,1.5128166666666667,31.393,0.4657033426183866
2026-03-17 08:42:56.396000+00:00,31.549,31.606,32.838,31.27,31.072,1.5213,31.393,0.4657033426183866
2026-03-17 08:42:56.912000+00:00,31.567,31.63,32.962,31.289,31.079,1.5299,31.4128,0.4843226302578317
2026-03-17 08:42:57.423000+00:00,31.567,31.63,32.962,31.289,31.079,1.5384166666666668,31.4128,0.4843226302578317
2026-03-17 08:42:57.934000+00:00,31.567,31.63,32.962,31.289,31.079,1.5469333333333333,31.4128,0.4843226302578317
2026-03-17 08:42:58.444000+00:00,31.567,31.63,32.962,31.289,31.079,1.5554333333333332,31.4128,0.4843226302578317
2026-03-17 08:42:58.954000+00:00,31.559,31.667,33.316,31.292,31.089,1.5639333333333334,31.420400000000004,0.480910159481078
2026-03-17 08:42:59.471000+00:00,31.559,31.667,33.316,31.292,31.089,1.57255,31.420400000000004,0.480910159481078
2026-03-17 08:43:00.044000+00:00,31.559,31.667,33.316,31.292,31.089,1.5821,31.420400000000004,0.480910159481078
2026-03-17 08:43:00.612000+00:00,31.57,31.704,33.099,31.281,31.084,1.5915666666666666,31.4234,0.4924836032271189
2026-03-17 08:43:01.212000+00:00,31.57,31.704,33.099,31.281,31.084,1.6015666666666666,31.4234,0.4924836032271189
2026-03-17 08:43:01.783000+00:00,31.57,31.704,33.099,31.281,31.084,1.6110833333333334,31.4234,0.4924836032271189
2026-03-17 08:43:02.338000+00:00,31.57,31.704,33.099,31.281,31.084,1.6203333333333334,31.4234,0.4924836032271189
2026-03-17 08:43:02.849000+00:00,31.58,31.717,33.049,31.3,31.1,1.62885,31.4394,0.49259796806966283
2026-03-17 08:43:03.424000+00:00,31.58,31.717,33.049,31.3,31.1,1.6384333333333332,31.4394,0.49259796806966283
2026-03-17 08:43:03.981000+00:00,31.58,31.717,33.049,31.3,31.1,1.6477166666666667,31.4394,0.49259796806966283
2026-03-17 08:43:04.489000+00:00,31.58,31.717,33.049,31.3,31.1,1.6561833333333333,31.4394,0.49259796806966283
2026-03-17 08:43:05.003000+00:00,31.573,31.736,32.859,31.3,31.067,1.6647500000000002,31.4418,0.5437163622648086
2026-03-17 08:43:05.575000+00:00,31.573,31.736,32.859,31.3,31.067,1.6742833333333331,31.4418,0.5437163622648086
2026-03-17 08:43:06.121000+00:00,31.573,31.736,32.859,31.3,31.067,1.6833833333333332,31.4418,0.5437163622648086
2026-03-17 08:43:06.643000+00:00,31.573,31.736,32.859,31.3,31.067,1.6920833333333334,31.4418,0.5437163622648086
2026-03-17 08:43:07.150000+00:00,31.551,31.751,32.981,31.285,31.083,1.7005333333333332,31.431400000000004,0.5055356443257907
2026-03-17 08:43:07.663000+00:00,31.551,31.751,32.981,31.285,31.083,1.7090833333333333,31.431400000000004,0.5055356443257907
2026-03-17 08:43:08.176000+00:00,31.551,31.751,32.981,31.285,31.083,1.7176333333333333,31.431400000000004,0.5055356443257907
2026-03-17 08:43:08.689000+00:00,31.551,31.751,32.981,31.285,31.083,1.7261833333333334,31.431400000000004,0.5055356443257907
2026-03-17 08:43:09.201000+00:00,31.538,31.762,33.361,31.285,31.069,1.7347166666666667,31.431,0.5251628440034265
2026-03-17 08:43:09.711000+00:00,31.538,31.762,33.361,31.285,31.069,1.7432166666666666,31.431,0.5251628440034265
2026-03-17 08:43:10.226000+00:00,31.538,31.762,33.361,31.285,31.069,1.7518,31.431,0.5251628440034265
2026-03-17 08:43:10.733000+00:00,31.538,31.762,33.361,31.285,31.069,1.7602499999999999,31.431,0.5251628440034265
2026-03-17 08:43:11.302000+00:00,31.554,31.775,33.53,31.285,31.077,1.7697333333333334,31.4368,0.5220318326248131
2026-03-17 08:43:11.860000+00:00,31.554,31.775,33.53,31.285,31.077,1.7790333333333335,31.4368,0.5220318326248131
2026-03-17 08:43:12.373000+00:00,31.554,31.775,33.53,31.285,31.077,1.7875833333333333,31.4368,0.5220318326248131
2026-03-17 08:43:12.891000+00:00,31.549,31.825,33.187,31.285,31.101,1.7962166666666666,31.4458,0.5004426769619288
2026-03-17 08:43:13.399000+00:00,31.549,31.825,33.187,31.285,31.101,1.8046833333333334,31.4458,0.5004426769619288
2026-03-17 08:43:13.910000+00:00,31.549,31.825,33.187,31.285,31.101,1.8132,31.4458,0.5004426769619288
2026-03-17 08:43:14.425000+00:00,31.549,31.825,33.187,31.285,31.101,1.8217833333333333,31.4458,0.5004426769619288
2026-03-17 08:43:14.933000+00:00,31.544,31.849,33.092,31.296,31.069,1.83025,31.456200000000003,0.5617211414312915
2026-03-17 08:43:15.443000+00:00,31.544,31.849,33.092,31.296,31.069,1.83875,31.456200000000003,0.5617211414312915
2026-03-17 08:43:15.958000+00:00,31.544,31.849,33.092,31.296,31.069,1.8473333333333335,31.456200000000003,0.5617211414312915
2026-03-17 08:43:16.470000+00:00,31.544,31.849,33.092,31.296,31.069,1.8558666666666668,31.456200000000003,0.5617211414312915
2026-03-17 08:43:17.025000+00:00,31.546,31.862,33.707,31.304,31.072,1.8651166666666665,31.464,0.5687093779015777
2026-03-17 08:43:17.598000+00:00,31.546,31.862,33.707,31.304,31.072,1.8746666666666667,31.464,0.5687093779015777
2026-03-17 08:43:18.169000+00:00,31.546,31.862,33.707,31.304,31.072,1.8841833333333333,31.464,0.5687093779015777
2026-03-17 08:43:18.720000+00:00,31.546,31.862,33.707,31.304,31.072,1.8933666666666666,31.464,0.5687093779015777
2026-03-17 08:43:19.240000+00:00,31.546,31.884,33.845,31.301,31.08,1.9020333333333332,31.4666,0.560940220545562
2026-03-17 08:43:19.747000+00:00,31.546,31.884,33.845,31.301,31.08,1.9104833333333333,31.4666,0.560940220545562
2026-03-17 08:43:20.259000+00:00,31.546,31.884,33.845,31.301,31.08,1.9190166666666668,31.4666,0.560940220545562
2026-03-17 08:43:20.772000+00:00,31.546,31.884,33.845,31.301,31.08,1.9275666666666667,31.4666,0.560940220545562
2026-03-17 08:43:21.343000+00:00,31.551,31.915,33.71,31.277,31.072,1.9370833333333333,31.4594,0.5620357474466103
2026-03-17 08:43:21.901000+00:00,31.551,31.915,33.71,31.277,31.072,1.9463833333333334,31.4594,0.5620357474466103
2026-03-17 08:43:22.407000+00:00,31.551,31.915,33.71,31.277,31.072,1.9548166666666666,31.4594,0.5620357474466103
2026-03-17 08:43:22.946000+00:00,31.551,31.915,33.71,31.277,31.072,1.9638,31.4594,0.5620357474466103
2026-03-17 08:43:23.537000+00:00,31.554,31.952,33.974,31.291,31.072,1.97365,31.4758,0.5858286908078
2026-03-17 08:43:24.053000+00:00,31.554,31.952,33.974,31.291,31.072,1.98225,31.4758,0.5858286908078
2026-03-17 08:43:24.557000+00:00,31.554,31.952,33.974,31.291,31.072,1.9906499999999998,31.4758,0.5858286908078
2026-03-17 08:43:25.123000+00:00,31.541,31.973,33.681,31.283,31.101,2.0000833333333334,31.4726,0.5393401936167446
2026-03-17 08:43:25.785000+00:00,31.541,31.973,33.681,31.283,31.101,2.0111166666666667,31.4726,0.5393401936167446
2026-03-17 08:43:26.352000+00:00,31.541,31.973,33.681,31.283,31.101,2.0205666666666664,31.4726,0.5393401936167446
2026-03-17 08:43:26.915000+00:00,31.541,31.973,33.681,31.283,31.101,2.02995,31.4726,0.5393401936167446
2026-03-17 08:43:27.427000+00:00,31.554,32.026,33.565,31.309,31.106,2.038483333333333,31.5014,0.5739251603913238
2026-03-17 08:43:27.998000+00:00,31.554,32.026,33.565,31.309,31.106,2.048,31.5014,0.5739251603913238
2026-03-17 08:43:28.568000+00:00,31.554,32.026,33.565,31.309,31.106,2.0575,31.5014,0.5739251603913238
2026-03-17 08:43:29.135000+00:00,31.554,32.047,34.405,31.288,31.088,2.06695,31.493000000000002,0.5877060599024859
2026-03-17 08:43:29.680000+00:00,31.554,32.047,34.405,31.288,31.088,2.076033333333333,31.493000000000002,0.5877060599024859
2026-03-17 08:43:30.192000+00:00,31.554,32.047,34.405,31.288,31.088,2.0845666666666665,31.493000000000002,0.5877060599024859
2026-03-17 08:43:30.698000+00:00,31.554,32.047,34.405,31.288,31.088,2.093,31.493000000000002,0.5877060599024859
2026-03-17 08:43:31.267000+00:00,31.544,32.084,34.238,31.307,31.072,2.1024833333333333,31.509800000000002,0.6351555246053895
2026-03-17 08:43:31.824000+00:00,31.544,32.084,34.238,31.307,31.072,2.1117666666666666,31.509800000000002,0.6351555246053895
2026-03-17 08:43:32.340000+00:00,31.544,32.084,34.238,31.307,31.072,2.1203666666666665,31.509800000000002,0.6351555246053895
2026-03-17 08:43:32.853000+00:00,31.544,32.084,34.238,31.307,31.072,2.1289166666666666,31.509800000000002,0.6351555246053895
2026-03-17 08:43:33.366000+00:00,31.559,32.095,33.852,31.288,31.096,2.1374666666666666,31.503600000000002,0.591547660513181
2026-03-17 08:43:33.880000+00:00,31.559,32.095,33.852,31.288,31.096,2.1460333333333335,31.503600000000002,0.591547660513181
2026-03-17 08:43:34.390000+00:00,31.559,32.095,33.852,31.288,31.096,2.154533333333333,31.503600000000002,0.591547660513181
2026-03-17 08:43:34.903000+00:00,31.559,32.095,33.852,31.288,31.096,2.1630833333333332,31.503600000000002,0.591547660513181
2026-03-17 08:43:35.415000+00:00,31.551,32.132,33.718,31.304,31.088,2.1716166666666665,31.519,0.6254353378221462
2026-03-17 08:43:35.927000+00:00,31.551,32.132,33.718,31.304,31.088,2.18015,31.519,0.6254353378221462
2026-03-17 08:43:36.437000+00:00,31.551,32.132,33.718,31.304,31.088,2.18865,31.519,0.6254353378221462
2026-03-17 08:43:36.951000+00:00,31.551,32.132,33.718,31.304,31.088,2.197216666666667,31.519,0.6254353378221462
2026-03-17 08:43:37.465000+00:00,31.549,32.171,34.154,31.309,31.088,2.2057833333333337,31.5294,0.6405270489900133
2026-03-17 08:43:37.975000+00:00,31.549,32.171,34.154,31.309,31.088,2.2142833333333334,31.5294,0.6405270489900133
2026-03-17 08:43:38.482000+00:00,31.549,32.171,34.154,31.309,31.088,2.2227333333333332,31.5294,0.6405270489900133
2026-03-17 08:43:38.999000+00:00,31.549,32.171,34.154,31.309,31.088,2.23135,31.5294,0.6405270489900133
2026-03-17 08:43:39.512000+00:00,31.557,32.19,34.389,31.301,31.091,2.2399,31.529999999999998,0.6370720805700222
2026-03-17 08:43:40.021000+00:00,31.557,32.19,34.389,31.301,31.091,2.2483833333333334,31.529999999999998,0.6370720805700222
2026-03-17 08:43:40.613000+00:00,31.557,32.19,34.389,31.301,31.091,2.25825,31.529999999999998,0.6370720805700222
2026-03-17 08:43:41.150000+00:00,31.557,32.19,34.389,31.301,31.091,2.2672000000000003,31.529999999999998,0.6370720805700222
2026-03-17 08:43:41.662000+00:00,31.557,32.245,34.346,31.304,31.106,2.2757333333333336,31.5428,0.6340174761227365
2026-03-17 08:43:42.172000+00:00,31.557,32.245,34.346,31.304,31.106,2.2842333333333333,31.5428,0.6340174761227365
2026-03-17 08:43:42.684000+00:00,31.557,32.245,34.346,31.304,31.106,2.2927666666666666,31.5428,0.6340174761227365
2026-03-17 08:43:43.261000+00:00,31.557,32.245,34.346,31.304,31.106,2.3023833333333332,31.5428,0.6340174761227365
2026-03-17 08:43:43.861000+00:00,31.554,32.277,34.238,31.32,31.128,2.3123833333333335,31.5582,0.624637007782552
2026-03-17 08:43:44.423000+00:00,31.554,32.277,34.238,31.32,31.128,2.32175,31.5582,0.624637007782552
2026-03-17 08:43:44.935000+00:00,31.554,32.277,34.238,31.32,31.128,2.3302833333333335,31.5582,0.624637007782552
2026-03-17 08:43:45.452000+00:00,31.549,32.301,34.278,31.312,31.125,2.3389,31.557199999999998,0.6275136116152423
2026-03-17 08:43:45.961000+00:00,31.549,32.301,34.278,31.312,31.125,2.347383333333333,31.557199999999998,0.6275136116152423
2026-03-17 08:43:46.475000+00:00,31.549,32.301,34.278,31.312,31.125,2.35595,31.557199999999998,0.6275136116152423
2026-03-17 08:43:46.985000+00:00,31.549,32.301,34.278,31.312,31.125,2.3644499999999997,31.557199999999998,0.6275136116152423
2026-03-17 08:43:47.501000+00:00,31.544,32.348,34.846,31.33,31.088,2.37305,31.5764,0.708729974460179
2026-03-17 08:43:48.010000+00:00,31.544,32.348,34.846,31.33,31.088,2.381533333333333,31.5764,0.708729974460179
2026-03-17 08:43:48.522000+00:00,31.544,32.348,34.846,31.33,31.088,2.390066666666667,31.5764,0.708729974460179
2026-03-17 08:43:49.099000+00:00,31.544,32.348,34.846,31.33,31.088,2.3996833333333334,31.5764,0.708729974460179
2026-03-17 08:43:49.650000+00:00,31.559,32.385,34.748,31.33,31.085,2.408866666666667,31.5868,0.7281433650148725
2026-03-17 08:43:50.163000+00:00,31.559,32.385,34.748,31.33,31.085,2.4174166666666665,31.5868,0.7281433650148725
2026-03-17 08:43:50.671000+00:00,31.559,32.385,34.748,31.33,31.085,2.425883333333333,31.5868,0.7281433650148725
2026-03-17 08:43:51.181000+00:00,31.559,32.385,34.748,31.33,31.085,2.4343833333333333,31.5868,0.7281433650148725
2026-03-17 08:43:51.694000+00:00,31.549,32.417,35.19,31.33,31.093,2.4429333333333334,31.591199999999997,0.7230034684429697
2026-03-17 08:43:52.209000+00:00,31.549,32.417,35.19,31.33,31.093,2.451516666666667,31.591199999999997,0.7230034684429697
2026-03-17 08:43:52.722000+00:00,31.549,32.417,35.19,31.33,31.093,2.460066666666667,31.591199999999997,0.7230034684429697
2026-03-17 08:43:53.234000+00:00,31.549,32.417,35.19,31.33,31.093,2.4686000000000003,31.591199999999997,0.7230034684429697
2026-03-17 08:43:53.748000+00:00,31.546,32.473,35.039,31.333,31.083,2.4771666666666667,31.6036,0.7554014249024213
2026-03-17 08:43:54.256000+00:00,31.546,32.473,35.039,31.333,31.083,2.4856333333333334,31.6036,0.7554014249024213
2026-03-17 08:43:54.768000+00:00,31.546,32.473,35.039,31.333,31.083,2.4941666666666666,31.6036,0.7554014249024213
2026-03-17 08:43:55.279000+00:00,31.546,32.473,35.039,31.333,31.083,2.502683333333333,31.6036,0.7554014249024213
2026-03-17 08:43:55.793000+00:00,31.575,32.502,34.912,31.325,31.106,2.51125,31.6104,0.7321392283798253
2026-03-17 08:43:56.306000+00:00,31.575,32.502,34.912,31.325,31.106,2.5197999999999996,31.6104,0.7321392283798253
2026-03-17 08:43:56.820000+00:00,31.575,32.502,34.912,31.325,31.106,2.5283666666666664,31.6104,0.7321392283798253
2026-03-17 08:43:57.386000+00:00,31.575,32.502,34.912,31.325,31.106,2.5378,31.6104,0.7321392283798253
2026-03-17 08:43:57.946000+00:00,31.562,32.525,34.83,31.338,31.093,2.5471333333333335,31.6202,0.7650891781676762
2026-03-17 08:43:58.453000+00:00,31.562,32.525,34.83,31.338,31.093,2.5555833333333333,31.6202,0.7650891781676762
2026-03-17 08:43:58.967000+00:00,31.562,32.525,34.83,31.338,31.093,2.5641499999999997,31.6202,0.7650891781676762
2026-03-17 08:43:59.482000+00:00,31.562,32.525,34.83,31.338,31.093,2.5727333333333333,31.6202,0.7650891781676762
2026-03-17 08:43:59.991000+00:00,31.546,32.581,34.737,31.336,31.083,2.5812166666666667,31.627,0.7893553114616139
2026-03-17 08:44:00.501000+00:00,31.546,32.581,34.737,31.336,31.083,2.589716666666667,31.627,0.7893553114616139
2026-03-17 08:44:01.015000+00:00,31.546,32.581,34.737,31.336,31.083,2.5982833333333333,31.627,0.7893553114616139
2026-03-17 08:44:01.525000+00:00,31.546,32.581,34.737,31.336,31.083,2.6067833333333335,31.627,0.7893553114616139
2026-03-17 08:44:02.045000+00:00,31.554,32.626,34.885,31.354,31.114,2.61545,31.648400000000002,0.7757744679615619
2026-03-17 08:44:02.617000+00:00,31.554,32.626,34.885,31.354,31.114,2.6249833333333332,31.648400000000002,0.7757744679615619
2026-03-17 08:44:03.168000+00:00,31.554,32.626,34.885,31.354,31.114,2.6341666666666668,31.648400000000002,0.7757744679615619
2026-03-17 08:44:03.675000+00:00,31.554,32.626,34.885,31.354,31.114,2.6426166666666666,31.648400000000002,0.7757744679615619
2026-03-17 08:44:04.188000+00:00,31.554,32.655,35.561,31.349,31.114,2.6511666666666667,31.651200000000003,0.7798391545451937
2026-03-17 08:44:04.698000+00:00,31.554,32.655,35.561,31.349,31.114,2.659666666666667,31.651200000000003,0.7798391545451937
2026-03-17 08:44:05.217000+00:00,31.554,32.655,35.561,31.349,31.114,2.6683166666666667,31.651200000000003,0.7798391545451937
2026-03-17 08:44:05.725000+00:00,31.554,32.655,35.561,31.349,31.114,2.6767833333333333,31.651200000000003,0.7798391545451937
2026-03-17 08:44:06.238000+00:00,31.557,32.697,35.342,31.346,31.128,2.6853333333333333,31.6584,0.770124288535254
2026-03-17 08:44:06.752000+00:00,31.557,32.697,35.342,31.346,31.128,2.6938999999999997,31.6584,0.770124288535254
2026-03-17 08:44:07.263000+00:00,31.557,32.697,35.342,31.346,31.128,2.7024166666666667,31.6584,0.770124288535254
2026-03-17 08:44:07.777000+00:00,31.557,32.697,35.342,31.346,31.128,2.710983333333333,31.6584,0.770124288535254
2026-03-17 08:44:08.287000+00:00,31.567,32.734,35.274,31.346,31.128,2.7194833333333337,31.667800000000003,0.7837727959112603
2026-03-17 08:44:08.800000+00:00,31.567,32.734,35.274,31.346,31.128,2.7280333333333333,31.667800000000003,0.7837727959112603
2026-03-17 08:44:09.375000+00:00,31.567,32.734,35.274,31.346,31.128,2.737616666666667,31.667800000000003,0.7837727959112603
2026-03-17 08:44:09.925000+00:00,31.559,32.776,35.585,31.367,31.154,2.746783333333333,31.687200000000004,0.774482177613811
2026-03-17 08:44:10.435000+00:00,31.559,32.776,35.585,31.367,31.154,2.7552833333333333,31.687200000000004,0.774482177613811
2026-03-17 08:44:10.954000+00:00,31.559,32.776,35.585,31.367,31.154,2.7639333333333336,31.687200000000004,0.774482177613811
2026-03-17 08:44:11.463000+00:00,31.559,32.776,35.585,31.367,31.154,2.7724166666666665,31.687200000000004,0.774482177613811
2026-03-17 08:44:11.974000+00:00,31.562,32.813,35.9,31.378,31.154,2.780933333333333,31.7018,0.7956889289138057
2026-03-17 08:44:12.485000+00:00,31.562,32.813,35.9,31.378,31.154,2.78945,31.7018,0.7956889289138057
2026-03-17 08:44:12.996000+00:00,31.562,32.813,35.9,31.378,31.154,2.7979666666666665,31.7018,0.7956889289138057
2026-03-17 08:44:13.511000+00:00,31.562,32.813,35.9,31.378,31.154,2.80655,31.7018,0.7956889289138057
2026-03-17 08:44:14.022000+00:00,31.565,32.922,35.741,31.367,31.172,2.8150666666666666,31.7176,0.7927006450863024
2026-03-17 08:44:14.534000+00:00,31.565,32.922,35.741,31.367,31.172,2.8236,31.7176,0.7927006450863024
2026-03-17 08:44:15.042000+00:00,31.565,32.922,35.741,31.367,31.172,2.832066666666667,31.7176,0.7927006450863024
2026-03-17 08:44:15.558000+00:00,31.565,32.922,35.741,31.367,31.172,2.8406666666666665,31.7176,0.7927006450863024
2026-03-17 08:44:16.069000+00:00,31.557,32.953,35.624,31.378,31.143,2.8491833333333334,31.7288,0.8507486530055027
2026-03-17 08:44:16.579000+00:00,31.557,32.953,35.624,31.378,31.143,2.8576833333333336,31.7288,0.8507486530055027
2026-03-17 08:44:17.103000+00:00,31.557,32.953,35.624,31.378,31.143,2.866416666666667,31.7288,0.8507486530055027
2026-03-17 08:44:17.702000+00:00,31.557,32.953,35.624,31.378,31.143,2.8764,31.7288,0.8507486530055027
2026-03-17 08:44:18.276000+00:00,31.559,33.006,35.444,31.365,31.157,2.8859666666666666,31.732,0.8352337928329666
2026-03-17 08:44:18.832000+00:00,31.559,33.006,35.444,31.365,31.157,2.895233333333333,31.732,0.8352337928329666
2026-03-17 08:44:19.344000+00:00,31.559,33.006,35.444,31.365,31.157,2.903766666666667,31.732,0.8352337928329666
2026-03-17 08:44:19.856000+00:00,31.559,33.006,35.444,31.365,31.157,2.9123,31.732,0.8352337928329666
2026-03-17 08:44:20.371000+00:00,31.549,33.059,35.498,31.38,31.157,2.9208833333333333,31.749599999999997,0.8607992097961991
2026-03-17 08:44:20.881000+00:00,31.549,33.059,35.498,31.38,31.157,2.9293833333333335,31.749599999999997,0.8607992097961991
2026-03-17 08:44:21.395000+00:00,31.549,33.059,35.498,31.38,31.157,2.93795,31.749599999999997,0.8607992097961991
2026-03-17 08:44:21.964000+00:00,31.549,33.059,35.498,31.38,31.157,2.9474333333333336,31.749599999999997,0.8607992097961991
2026-03-17 08:44:22.493000+00:00,31.57,33.093,35.527,31.391,31.159,2.95625,31.7672,0.88348513240656
2026-03-17 08:44:23.059000+00:00,31.57,33.093,35.527,31.391,31.159,2.9656833333333332,31.7672,0.88348513240656
2026-03-17 08:44:23.640000+00:00,31.57,33.093,35.527,31.391,31.159,2.9753666666666665,31.7672,0.88348513240656
2026-03-17 08:44:24.159000+00:00,31.57,33.093,35.527,31.391,31.159,2.9840166666666668,31.7672,0.88348513240656
2026-03-17 08:44:24.670000+00:00,31.554,33.149,35.467,31.394,31.135,2.9925333333333333,31.776999999999997,0.9322587671531197
2026-03-17 08:44:25.179000+00:00,31.554,33.149,35.467,31.394,31.135,3.0010166666666667,31.776999999999997,0.9322587671531197
2026-03-17 08:44:25.693000+00:00,31.554,33.149,35.467,31.394,31.135,3.009583333333333,31.776999999999997,0.9322587671531197
2026-03-17 08:44:26.205000+00:00,31.554,33.149,35.467,31.394,31.135,3.0181166666666663,31.776999999999997,0.9322587671531197
2026-03-17 08:44:26.718000+00:00,31.565,33.204,35.812,31.399,31.17,3.0266666666666664,31.7932,0.905419148627048
2026-03-17 08:44:27.230000+00:00,31.565,33.204,35.812,31.399,31.17,3.0352,31.7932,0.905419148627048
2026-03-17 08:44:27.743000+00:00,31.565,33.204,35.812,31.399,31.17,3.04375,31.7932,0.905419148627048
2026-03-17 08:44:28.316000+00:00,31.549,33.233,36.274,31.396,31.178,3.0533,31.793999999999997,0.8950626253232921
2026-03-17 08:44:28.869000+00:00,31.549,33.233,36.274,31.396,31.178,3.0625166666666668,31.793999999999997,0.8950626253232921
2026-03-17 08:44:29.380000+00:00,31.549,33.233,36.274,31.396,31.178,3.0710333333333333,31.793999999999997,0.8950626253232921
2026-03-17 08:44:29.893000+00:00,31.549,33.233,36.274,31.396,31.178,3.0795833333333333,31.793999999999997,0.8950626253232921
2026-03-17 08:44:30.401000+00:00,31.573,33.302,36.906,31.394,31.18,3.08805,31.811399999999995,0.9174658529497177
2026-03-17 08:44:30.917000+00:00,31.573,33.302,36.906,31.394,31.18,3.09665,31.811399999999995,0.9174658529497177
2026-03-17 08:44:31.432000+00:00,31.573,33.302,36.906,31.394,31.18,3.105233333333333,31.811399999999995,0.9174658529497177
2026-03-17 08:44:31.939000+00:00,31.573,33.302,36.906,31.394,31.18,3.1136833333333334,31.811399999999995,0.9174658529497177
2026-03-17 08:44:32.455000+00:00,31.573,33.331,35.853,31.415,31.151,3.1222833333333333,31.829800000000002,0.9859257215064887
2026-03-17 08:44:32.966000+00:00,31.573,33.331,35.853,31.415,31.151,3.1308000000000002,31.829800000000002,0.9859257215064887
2026-03-17 08:44:33.548000+00:00,31.573,33.331,35.853,31.415,31.151,3.1405000000000003,31.829800000000002,0.9859257215064887
2026-03-17 08:44:34.094000+00:00,31.573,33.331,35.853,31.415,31.151,3.1496,31.829800000000002,0.9859257215064887
2026-03-17 08:44:34.603000+00:00,31.559,33.376,35.903,31.404,31.175,3.1580833333333334,31.8294,0.9508172902288398
2026-03-17 08:44:35.114000+00:00,31.559,33.376,35.903,31.404,31.175,3.1666000000000003,31.8294,0.9508172902288398
2026-03-17 08:44:35.626000+00:00,31.559,33.376,35.903,31.404,31.175,3.1751333333333336,31.8294,0.9508172902288398
2026-03-17 08:44:36.137000+00:00,31.559,33.376,35.903,31.404,31.175,3.18365,31.8294,0.9508172902288398
2026-03-17 08:44:36.649000+00:00,31.578,33.434,36.274,31.428,31.194,3.1921833333333334,31.8592,0.966776153242453
2026-03-17 08:44:37.161000+00:00,31.578,33.434,36.274,31.428,31.194,3.2007166666666667,31.8592,0.966776153242453
2026-03-17 08:44:37.678000+00:00,31.578,33.434,36.274,31.428,31.194,3.2093333333333334,31.8592,0.966776153242453
2026-03-17 08:44:38.183000+00:00,31.578,33.434,36.274,31.428,31.194,3.21775,31.8592,0.966776153242453
2026-03-17 08:44:38.696000+00:00,31.573,33.495,36.658,31.436,31.172,3.2263,31.8752,1.0216772243854229
2026-03-17 08:44:39.210000+00:00,31.573,33.495,36.658,31.436,31.172,3.234866666666667,31.8752,1.0216772243854229
2026-03-17 08:44:39.725000+00:00,31.573,33.495,36.658,31.436,31.172,3.24345,31.8752,1.0216772243854229
2026-03-17 08:44:40.305000+00:00,31.573,33.495,36.658,31.436,31.172,3.2531166666666667,31.8752,1.0216772243854229
2026-03-17 08:44:40.853000+00:00,31.565,33.54,36.754,31.433,31.154,3.2622500000000003,31.8808,1.0556895099206935
2026-03-17 08:44:41.363000+00:00,31.565,33.54,36.754,31.433,31.154,3.27075,31.8808,1.0556895099206935
2026-03-17 08:44:41.948000+00:00,31.565,33.54,36.754,31.433,31.154,3.2805000000000004,31.8808,1.0556895099206935
2026-03-17 08:44:42.518000+00:00,31.565,33.54,36.754,31.433,31.154,3.29,31.8808,1.0556895099206935
2026-03-17 08:44:43.099000+00:00,31.559,33.582,36.616,31.457,31.135,3.2996833333333333,31.9024,1.1143541712045286
2026-03-17 08:44:43.669000+00:00,31.559,33.582,36.616,31.457,31.135,3.309183333333333,31.9024,1.1143541712045286
2026-03-17 08:44:44.238000+00:00,31.559,33.582,36.616,31.457,31.135,3.3186666666666667,31.9024,1.1143541712045286
2026-03-17 08:44:44.742000+00:00,31.573,33.64,36.822,31.444,31.149,3.3270666666666666,31.909,1.103832914554615
2026-03-17 08:44:45.254000+00:00,31.573,33.64,36.822,31.444,31.149,3.3356,31.909,1.103832914554615
2026-03-17 08:44:45.764000+00:00,31.573,33.64,36.822,31.444,31.149,3.3440999999999996,31.909,1.103832914554615
2026-03-17 08:44:46.351000+00:00,31.573,33.64,36.822,31.444,31.149,3.3538833333333335,31.909,1.103832914554615
2026-03-17 08:44:46.891000+00:00,31.562,33.693,36.543,31.449,31.146,3.3628833333333334,31.9204,1.1246986376971562
2026-03-17 08:44:47.402000+00:00,31.562,33.693,36.543,31.449,31.146,3.3714,31.9204,1.1246986376971562
2026-03-17 08:44:47.985000+00:00,31.562,33.693,36.543,31.449,31.146,3.3811166666666663,31.9204,1.1246986376971562
2026-03-17 08:44:48.559000+00:00,31.562,33.693,36.543,31.449,31.146,3.3906833333333335,31.9204,1.1246986376971562
2026-03-17 08:44:49.142000+00:00,31.573,33.741,36.676,31.46,31.183,3.4004,31.938800000000004,1.0982751355043145
2026-03-17 08:44:49.713000+00:00,31.573,33.741,36.676,31.46,31.183,3.4099166666666667,31.938800000000004,1.0982751355043145
2026-03-17 08:44:50.271000+00:00,31.573,33.741,36.676,31.46,31.183,3.4192166666666663,31.938800000000004,1.0982751355043145
2026-03-17 08:44:50.784000+00:00,31.559,33.78,36.981,31.468,31.186,3.4277666666666664,31.948600000000003,1.108204725782548
2026-03-17 08:44:51.292000+00:00,31.559,33.78,36.981,31.468,31.186,3.4362333333333335,31.948600000000003,1.108204725782548
2026-03-17 08:44:51.806000+00:00,31.559,33.78,36.981,31.468,31.186,3.4448,31.948600000000003,1.108204725782548
2026-03-17 08:44:52.317000+00:00,31.559,33.78,36.981,31.468,31.186,3.453316666666667,31.948600000000003,1.108204725782548
2026-03-17 08:44:52.827000+00:00,31.573,33.838,37.01,31.481,31.172,3.4618166666666665,31.970800000000004,1.1605741849247448
2026-03-17 08:44:53.339000+00:00,31.573,33.838,37.01,31.481,31.172,3.4703500000000003,31.970800000000004,1.1605741849247448
2026-03-17 08:44:53.926000+00:00,31.573,33.838,37.01,31.481,31.172,3.4801333333333333,31.970800000000004,1.1605741849247448
2026-03-17 08:44:54.474000+00:00,31.573,33.838,37.01,31.481,31.172,3.4892666666666665,31.970800000000004,1.1605741849247448
2026-03-17 08:44:54.981000+00:00,31.565,33.881,37.895,31.473,31.167,3.497716666666667,31.972999999999995,1.1709499803873054
2026-03-17 08:44:55.569000+00:00,31.565,33.881,37.895,31.473,31.167,3.5075166666666666,31.972999999999995,1.1709499803873054
2026-03-17 08:44:56.122000+00:00,31.565,33.881,37.895,31.473,31.167,3.5167333333333333,31.972999999999995,1.1709499803873054
2026-03-17 08:44:56.721000+00:00,31.565,33.881,37.895,31.473,31.167,3.5267166666666667,31.972999999999995,1.1709499803873054
2026-03-17 08:44:57.304000+00:00,31.557,33.944,37.284,31.481,31.154,3.5364333333333335,31.9888,1.2125613688522228
2026-03-17 08:44:57.847000+00:00,31.557,33.944,37.284,31.481,31.154,3.5454833333333338,31.9888,1.2125613688522228
2026-03-17 08:44:58.360000+00:00,31.557,33.944,37.284,31.481,31.154,3.5540333333333334,31.9888,1.2125613688522228
2026-03-17 08:44:58.873000+00:00,31.557,33.944,37.284,31.481,31.154,3.5625833333333334,31.9888,1.2125613688522228
2026-03-17 08:44:59.384000+00:00,31.578,33.992,37.611,31.515,31.196,3.5711,32.022999999999996,1.2019650020347576
2026-03-17 08:44:59.894000+00:00,31.578,33.992,37.611,31.515,31.196,3.5796,32.022999999999996,1.2019650020347576
2026-03-17 08:45:00.409000+00:00,31.578,33.992,37.611,31.515,31.196,3.5881833333333333,32.022999999999996,1.2019650020347576
2026-03-17 08:45:00.918000+00:00,31.578,33.992,37.611,31.515,31.196,3.5966666666666667,32.022999999999996,1.2019650020347576
2026-03-17 08:45:01.430000+00:00,31.575,34.034,37.371,31.502,31.191,3.6052000000000004,32.023,1.2091441526544555
2026-03-17 08:45:01.943000+00:00,31.575,34.034,37.371,31.502,31.191,3.61375,32.023,1.2091441526544555
2026-03-17 08:45:02.455000+00:00,31.575,34.034,37.371,31.502,31.191,3.6222833333333333,32.023,1.2091441526544555
2026-03-17 08:45:02.968000+00:00,31.575,34.034,37.371,31.502,31.191,3.6308333333333334,32.023,1.2091441526544555
2026-03-17 08:45:03.481000+00:00,31.578,34.095,37.621,31.518,31.191,3.6393833333333334,32.0454,1.2416980336874563
2026-03-17 08:45:03.995000+00:00,31.578,34.095,37.621,31.518,31.191,3.6479500000000002,32.0454,1.2416980336874563
2026-03-17 08:45:04.576000+00:00,31.578,34.095,37.621,31.518,31.191,3.6576333333333335,32.0454,1.2416980336874563
2026-03-17 08:45:05.142000+00:00,31.557,34.132,37.324,31.518,31.22,3.6670666666666665,32.04859999999999,1.2047106717068834
2026-03-17 08:45:05.731000+00:00,31.557,34.132,37.324,31.518,31.22,3.6768833333333335,32.04859999999999,1.2047106717068834
2026-03-17 08:45:06.244000+00:00,31.557,34.132,37.324,31.518,31.22,3.6854333333333336,32.04859999999999,1.2047106717068834
2026-03-17 08:45:06.758000+00:00,31.557,34.132,37.324,31.518,31.22,3.694,32.04859999999999,1.2047106717068834
2026-03-17 08:45:07.285000+00:00,31.565,34.195,37.506,31.52,31.202,3.7027833333333335,32.064,1.2529433995174253
2026-03-17 08:45:07.793000+00:00,31.565,34.195,37.506,31.52,31.202,3.71125,32.064,1.2529433995174253
2026-03-17 08:45:08.315000+00:00,31.565,34.195,37.506,31.52,31.202,3.71995,32.064,1.2529433995174253
2026-03-17 08:45:08.834000+00:00,31.565,34.195,37.506,31.52,31.202,3.7286,32.064,1.2529433995174253
2026-03-17 08:45:09.432000+00:00,31.573,34.243,37.948,31.531,31.165,3.7385666666666664,32.0818,1.3318805840052328
2026-03-17 08:45:09.931000+00:00,31.573,34.243,37.948,31.531,31.165,3.7468833333333333,32.0818,1.3318805840052328
2026-03-17 08:45:10.444000+00:00,31.573,34.243,37.948,31.531,31.165,3.7554333333333334,32.0818,1.3318805840052328
2026-03-17 08:45:10.954000+00:00,31.573,34.243,37.948,31.531,31.165,3.7639333333333336,32.0818,1.3318805840052328
2026-03-17 08:45:11.469000+00:00,31.562,34.269,37.992,31.544,31.175,3.7725166666666667,32.092600000000004,1.3332364693062169
2026-03-17 08:45:11.978000+00:00,31.562,34.269,37.992,31.544,31.175,3.781,32.092600000000004,1.3332364693062169
2026-03-17 08:45:12.559000+00:00,31.562,34.269,37.992,31.544,31.175,3.7906833333333334,32.092600000000004,1.3332364693062169
2026-03-17 08:45:13.135000+00:00,31.562,34.269,37.992,31.544,31.175,3.8002833333333332,32.092600000000004,1.3332364693062169
2026-03-17 08:45:13.720000+00:00,31.573,34.332,37.953,31.536,31.175,3.8100333333333336,32.1026,1.3477660733745032
2026-03-17 08:45:14.232000+00:00,31.573,34.332,37.953,31.536,31.175,3.818566666666667,32.1026,1.3477660733745032
2026-03-17 08:45:14.742000+00:00,31.573,34.332,37.953,31.536,31.175,3.8270666666666666,32.1026,1.3477660733745032
2026-03-17 08:45:15.256000+00:00,31.575,34.383,38.295,31.547,31.157,3.8356333333333335,32.119800000000005,1.398544514329714
2026-03-17 08:45:15.768000+00:00,31.575,34.383,38.295,31.547,31.157,3.8441666666666667,32.119800000000005,1.398544514329714
2026-03-17 08:45:16.281000+00:00,31.575,34.383,38.295,31.547,31.157,3.852716666666667,32.119800000000005,1.398544514329714
2026-03-17 08:45:16.787000+00:00,31.575,34.383,38.295,31.547,31.157,3.8611500000000003,32.119800000000005,1.398544514329714
2026-03-17 08:45:17.325000+00:00,31.554,34.449,38.279,31.55,31.172,3.8701166666666666,32.1306,1.3927471377927596
2026-03-17 08:45:17.842000+00:00,31.554,34.449,38.279,31.55,31.172,3.8787333333333334,32.1306,1.3927471377927596
2026-03-17 08:45:18.350000+00:00,31.554,34.449,38.279,31.55,31.172,3.8872,32.1306,1.3927471377927596
2026-03-17 08:45:18.859000+00:00,31.554,34.449,38.279,31.55,31.172,3.8956833333333334,32.1306,1.3927471377927596
2026-03-17 08:45:19.382000+00:00,31.573,34.507,38.245,31.563,31.141,3.9044000000000003,32.153800000000004,1.4708316995599784
2026-03-17 08:45:19.884000+00:00,31.573,34.507,38.245,31.563,31.141,3.9127666666666667,32.153800000000004,1.4708316995599784
2026-03-17 08:45:20.480000+00:00,31.573,34.507,38.245,31.563,31.141,3.9227,32.153800000000004,1.4708316995599784
2026-03-17 08:45:20.991000+00:00,31.573,34.507,38.245,31.563,31.141,3.9312166666666664,32.153800000000004,1.4708316995599784
2026-03-17 08:45:21.502000+00:00,31.567,34.557,38.068,31.576,31.128,3.9397333333333333,32.1704,1.5135323498664197
2026-03-17 08:45:22.014000+00:00,31.567,34.557,38.068,31.576,31.128,3.9482666666666666,32.1704,1.5135323498664197
2026-03-17 08:45:22.526000+00:00,31.567,34.557,38.068,31.576,31.128,3.9568,32.1704,1.5135323498664197
2026-03-17 08:45:23.042000+00:00,31.567,34.557,38.068,31.576,31.128,3.9654000000000003,32.1704,1.5135323498664197
2026-03-17 08:45:23.551000+00:00,31.57,34.61,38.723,31.594,31.128,3.973883333333333,32.1924,1.5454756650017412
2026-03-17 08:45:24.064000+00:00,31.57,34.61,38.723,31.594,31.128,3.9824333333333333,32.1924,1.5454756650017412
2026-03-17 08:45:24.646000+00:00,31.57,34.61,38.723,31.594,31.128,3.9921333333333333,32.1924,1.5454756650017412
2026-03-17 08:45:25.213000+00:00,31.57,34.61,38.723,31.594,31.128,4.0015833333333335,32.1924,1.5454756650017412
2026-03-17 08:45:25.804000+00:00,31.588,34.678,38.535,31.584,31.13,4.011433333333334,32.2036,1.5588790474807646
2026-03-17 08:45:26.315000+00:00,31.588,34.678,38.535,31.584,31.13,4.01995,32.2036,1.5588790474807646
2026-03-17 08:45:26.826000+00:00,31.588,34.678,38.535,31.584,31.13,4.028466666666667,32.2036,1.5588790474807646
2026-03-17 08:45:27.339000+00:00,31.588,34.678,38.535,31.584,31.13,4.037016666666667,32.2036,1.5588790474807646
2026-03-17 08:45:27.853000+00:00,31.588,34.718,38.198,31.6,31.135,4.045583333333334,32.2212,1.5772888985696676
2026-03-17 08:45:28.438000+00:00,31.588,34.718,38.198,31.6,31.135,4.0553333333333335,32.2212,1.5772888985696676
2026-03-17 08:45:28.970000+00:00,31.588,34.718,38.198,31.6,31.135,4.0642000000000005,32.2212,1.5772888985696676
2026-03-17 08:45:29.498000+00:00,31.573,34.774,38.475,31.605,31.128,4.0729999999999995,32.2324,1.603554419793237
2026-03-17 08:45:30.014000+00:00,31.573,34.774,38.475,31.605,31.128,4.0816,32.2324,1.603554419793237
2026-03-17 08:45:30.587000+00:00,31.573,34.774,38.475,31.605,31.128,4.09115,32.2324,1.603554419793237
2026-03-17 08:45:31.131000+00:00,31.573,34.774,38.475,31.605,31.128,4.100216666666666,32.2324,1.603554419793237
2026-03-17 08:45:31.643000+00:00,31.588,34.85,38.587,31.624,31.125,4.10875,32.262,1.6508166969147011
2026-03-17 08:45:32.152000+00:00,31.588,34.85,38.587,31.624,31.125,4.117233333333333,32.262,1.6508166969147011
2026-03-17 08:45:32.665000+00:00,31.588,34.85,38.587,31.624,31.125,4.125783333333334,32.262,1.6508166969147011
2026-03-17 08:45:33.176000+00:00,31.588,34.85,38.587,31.624,31.125,4.1343,32.262,1.6508166969147011
2026-03-17 08:45:33.688000+00:00,31.573,34.892,38.36,31.624,31.128,4.142833333333333,32.2674,1.6543733302358026
2026-03-17 08:45:34.201000+00:00,31.573,34.892,38.36,31.624,31.128,4.151383333333333,32.2674,1.6543733302358026
2026-03-17 08:45:34.714000+00:00,31.573,34.892,38.36,31.624,31.128,4.159933333333333,32.2674,1.6543733302358026
2026-03-17 08:45:35.231000+00:00,31.573,34.892,38.36,31.624,31.128,4.16855,32.2674,1.6543733302358026
2026-03-17 08:45:35.822000+00:00,31.57,34.961,39.154,31.639,31.122,4.1784,32.2896,1.6951711722175442
2026-03-17 08:45:36.394000+00:00,31.57,34.961,39.154,31.639,31.122,4.1879333333333335,32.2896,1.6951711722175442
2026-03-17 08:45:36.964000+00:00,31.57,34.961,39.154,31.639,31.122,4.197433333333334,32.2896,1.6951711722175442
2026-03-17 08:45:37.479000+00:00,31.57,34.961,39.154,31.639,31.122,4.206016666666667,32.2896,1.6951711722175442
2026-03-17 08:45:37.991000+00:00,31.583,35.022,38.927,31.647,31.125,4.21455,32.309200000000004,1.7193466424682458
2026-03-17 08:45:38.501000+00:00,31.583,35.022,38.927,31.647,31.125,4.22305,32.309200000000004,1.7193466424682458
2026-03-17 08:45:39.014000+00:00,31.583,35.022,38.927,31.647,31.125,4.231599999999999,32.309200000000004,1.7193466424682458
2026-03-17 08:45:39.524000+00:00,31.583,35.022,38.927,31.647,31.125,4.2401,32.309200000000004,1.7193466424682458
2026-03-17 08:45:40.042000+00:00,31.578,35.064,38.66,31.653,31.101,4.248733333333333,32.3202,1.7695467278189825
2026-03-17 08:45:40.627000+00:00,31.578,35.064,38.66,31.653,31.101,4.258483333333333,32.3202,1.7695467278189825
2026-03-17 08:45:41.164000+00:00,31.578,35.064,38.66,31.653,31.101,4.267433333333333,32.3202,1.7695467278189825
2026-03-17 08:45:41.675000+00:00,31.578,35.064,38.66,31.653,31.101,4.27595,32.3202,1.7695467278189825
2026-03-17 08:45:42.186000+00:00,31.565,35.127,38.916,31.653,31.135,4.284466666666666,32.330200000000005,1.7355695926813381
2026-03-17 08:45:42.701000+00:00,31.565,35.127,38.916,31.653,31.135,4.29305,32.330200000000005,1.7355695926813381
2026-03-17 08:45:43.213000+00:00,31.565,35.127,38.916,31.653,31.135,4.301583333333334,32.330200000000005,1.7355695926813381
2026-03-17 08:45:43.721000+00:00,31.565,35.127,38.916,31.653,31.135,4.31005,32.330200000000005,1.7355695926813381
2026-03-17 08:45:44.233000+00:00,31.581,35.166,39.506,31.668,31.135,4.318583333333334,32.3502,1.7646119218761338
2026-03-17 08:45:44.820000+00:00,31.581,35.166,39.506,31.668,31.135,4.328366666666667,32.3502,1.7646119218761338
2026-03-17 08:45:45.360000+00:00,31.581,35.166,39.506,31.668,31.135,4.337366666666667,32.3502,1.7646119218761338
2026-03-17 08:45:45.872000+00:00,31.57,35.223,39.175,31.658,31.12,4.3459,32.3534,1.7906504065040647
2026-03-17 08:45:46.385000+00:00,31.57,35.223,39.175,31.658,31.12,4.35445,32.3534,1.7906504065040647
2026-03-17 08:45:46.974000+00:00,31.57,35.223,39.175,31.658,31.12,4.3642666666666665,32.3534,1.7906504065040647
2026-03-17 08:45:47.549000+00:00,31.57,35.223,39.175,31.658,31.12,4.37385,32.3534,1.7906504065040647
2026-03-17 08:45:48.126000+00:00,31.586,35.263,39.123,31.682,31.13,4.383466666666666,32.379,1.8135617830695494
2026-03-17 08:45:48.644000+00:00,31.586,35.263,39.123,31.682,31.13,4.3921,32.379,1.8135617830695494
2026-03-17 08:45:49.150000+00:00,31.586,35.263,39.123,31.682,31.13,4.400533333333333,32.379,1.8135617830695494
2026-03-17 08:45:49.662000+00:00,31.586,35.263,39.123,31.682,31.13,4.409066666666666,32.379,1.8135617830695494
2026-03-17 08:45:50.171000+00:00,31.575,35.315,39.258,31.687,31.133,4.41755,32.3902,1.8255477950251948
2026-03-17 08:45:50.687000+00:00,31.575,35.315,39.258,31.687,31.133,4.426150000000001,32.3902,1.8255477950251948