_time,T1--Temp_01_Lid,T1--Temp_02_SideWall,T1--Temp_03_Handle,T1--Temp_04_InnerWall,T1--Temp_05_Ambient_Temp
2026-03-17T08:41:25.118Z,31.706,31.278,30.877,31.363,31.26
2026-03-17T08:41:25.671Z,31.706,31.278,30.877,31.363,31.26
2026-03-17T08:41:26.182Z,31.706,31.278,30.877,31.363,31.26
2026-03-17T08:41:26.697Z,31.706,31.278,30.877,31.363,31.26
2026-03-17T08:41:27.208Z,31.706,31.265,30.808,31.368,31.255
2026-03-17T08:41:27.721Z,31.706,31.265,30.808,31.368,31.255
2026-03-17T08:41:28.227Z,31.706,31.265,30.808,31.368,31.255
2026-03-17T08:41:28.745Z,31.706,31.265,30.808,31.368,31.255
2026-03-17T08:41:29.313Z,31.691,31.273,30.756,31.371,31.216
2026-03-17T08:41:29.882Z,31.691,31.273,30.756,31.371,31.216
2026-03-17T08:41:30.383Z,31.691,31.273,30.756,31.371,31.216
2026-03-17T08:41:30.948Z,31.706,31.278,30.795,31.357,31.237
2026-03-17T08:41:31.513Z,31.706,31.278,30.795,31.357,31.237
2026-03-17T08:41:32.085Z,31.706,31.278,30.795,31.357,31.237
2026-03-17T08:41:32.655Z,31.706,31.278,30.795,31.357,31.237
2026-03-17T08:41:33.249Z,31.685,31.271,30.852,31.356,31.231
2026-03-17T08:41:33.819Z,31.685,31.271,30.852,31.356,31.231
2026-03-17T08:41:34.346Z,31.685,31.271,30.852,31.356,31.231
2026-03-17T08:41:34.895Z,31.685,31.271,30.852,31.356,31.231
2026-03-17T08:41:35.4Z,31.677,31.274,31.145,31.348,31.216
2026-03-17T08:41:35.956Z,31.677,31.274,31.145,31.348,31.216
2026-03-17T08:41:36.526Z,31.677,31.274,31.145,31.348,31.216
2026-03-17T08:41:37.04Z,31.691,31.282,31.238,31.346,31.231
2026-03-17T08:41:37.547Z,31.691,31.282,31.238,31.346,31.231
2026-03-17T08:41:38.063Z,31.691,31.282,31.238,31.346,31.231
2026-03-17T08:41:38.574Z,31.691,31.282,31.238,31.346,31.231
2026-03-17T08:41:39.088Z,31.683,31.279,31.166,31.369,31.231
2026-03-17T08:41:39.6Z,31.683,31.279,31.166,31.369,31.231
2026-03-17T08:41:40.171Z,31.683,31.279,31.166,31.369,31.231
2026-03-17T08:41:40.722Z,31.683,31.279,31.166,31.369,31.231
2026-03-17T08:41:41.29Z,31.672,31.282,31.172,31.351,31.213
2026-03-17T08:41:41.855Z,31.672,31.282,31.172,31.351,31.213
2026-03-17T08:41:42.426Z,31.672,31.282,31.172,31.351,31.213
2026-03-17T08:41:42.978Z,31.672,31.282,31.172,31.351,31.213
2026-03-17T08:41:43.488Z,31.68,31.279,31.18,31.343,31.192
2026-03-17T08:41:44Z,31.68,31.279,31.18,31.343,31.192
2026-03-17T08:41:44.513Z,31.68,31.279,31.18,31.343,31.192
2026-03-17T08:41:45.08Z,31.68,31.279,31.18,31.343,31.192
2026-03-17T08:41:45.659Z,31.696,31.302,31.501,31.357,31.181
2026-03-17T08:41:46.255Z,31.696,31.302,31.501,31.357,31.181
2026-03-17T08:41:46.767Z,31.696,31.302,31.501,31.357,31.181
2026-03-17T08:41:47.276Z,31.691,31.312,31.759,31.352,31.192
2026-03-17T08:41:47.789Z,31.691,31.312,31.759,31.352,31.192
2026-03-17T08:41:48.301Z,31.691,31.312,31.759,31.352,31.192
2026-03-17T08:41:48.813Z,31.691,31.312,31.759,31.352,31.192
2026-03-17T08:41:49.326Z,31.693,31.312,31.757,31.365,31.208
2026-03-17T08:41:49.836Z,31.693,31.312,31.757,31.365,31.208
2026-03-17T08:41:50.348Z,31.693,31.312,31.757,31.365,31.208
2026-03-17T08:41:50.861Z,31.693,31.312,31.757,31.365,31.208
2026-03-17T08:41:51.373Z,31.685,31.325,31.408,31.355,31.221
2026-03-17T08:41:51.944Z,31.685,31.325,31.408,31.355,31.221
2026-03-17T08:41:52.544Z,31.685,31.325,31.408,31.355,31.221
2026-03-17T08:41:53.115Z,31.685,31.325,31.408,31.355,31.221
2026-03-17T08:41:53.624Z,31.68,31.317,31.39,31.365,31.229
2026-03-17T08:41:54.145Z,31.68,31.317,31.39,31.365,31.229
2026-03-17T08:41:54.648Z,31.68,31.317,31.39,31.365,31.229
2026-03-17T08:41:55.16Z,31.68,31.317,31.39,31.365,31.229
2026-03-17T08:41:55.676Z,31.683,31.317,31.659,31.357,31.255
2026-03-17T08:41:56.187Z,31.683,31.317,31.659,31.357,31.255
2026-03-17T08:41:56.702Z,31.683,31.317,31.659,31.357,31.255
2026-03-17T08:41:57.215Z,31.683,31.317,31.659,31.357,31.255
2026-03-17T08:41:57.717Z,31.672,31.324,31.753,31.351,31.234
2026-03-17T08:41:58.235Z,31.672,31.324,31.753,31.351,31.234
2026-03-17T08:41:58.804Z,31.672,31.324,31.753,31.351,31.234
2026-03-17T08:41:59.361Z,31.672,31.324,31.753,31.351,31.234
2026-03-17T08:41:59.873Z,31.675,31.319,31.608,31.361,31.242
2026-03-17T08:42:00.384Z,31.675,31.319,31.608,31.361,31.242
2026-03-17T08:42:00.895Z,31.675,31.319,31.608,31.361,31.242
2026-03-17T08:42:01.407Z,31.675,31.319,31.608,31.361,31.242
2026-03-17T08:42:01.922Z,31.693,31.34,31.724,31.346,31.231
2026-03-17T08:42:02.433Z,31.693,31.34,31.724,31.346,31.231
2026-03-17T08:42:03.007Z,31.693,31.34,31.724,31.346,31.231
2026-03-17T08:42:03.559Z,31.701,31.345,31.946,31.356,31.226
2026-03-17T08:42:04.07Z,31.701,31.345,31.946,31.356,31.226
2026-03-17T08:42:04.586Z,31.701,31.345,31.946,31.356,31.226
2026-03-17T08:42:05.097Z,31.701,31.345,31.946,31.356,31.226
2026-03-17T08:42:05.609Z,31.654,31.361,31.904,31.335,31.218
2026-03-17T08:42:06.121Z,31.654,31.361,31.904,31.335,31.218
2026-03-17T08:42:06.637Z,31.654,31.361,31.904,31.335,31.218
2026-03-17T08:42:07.152Z,31.654,31.361,31.904,31.335,31.218
2026-03-17T08:42:07.671Z,31.677,31.348,31.914,31.356,31.224
2026-03-17T08:42:08.178Z,31.677,31.348,31.914,31.356,31.224
2026-03-17T08:42:08.751Z,31.677,31.348,31.914,31.356,31.224
2026-03-17T08:42:09.32Z,31.677,31.348,31.914,31.356,31.224
2026-03-17T08:42:09.914Z,31.691,31.386,31.77,31.336,31.242
2026-03-17T08:42:10.425Z,31.691,31.386,31.77,31.336,31.242
2026-03-17T08:42:10.933Z,31.691,31.386,31.77,31.336,31.242
2026-03-17T08:42:11.449Z,31.691,31.386,31.77,31.336,31.242
2026-03-17T08:42:11.995Z,31.685,31.386,31.791,31.357,31.245
2026-03-17T08:42:12.893Z,31.685,31.386,31.791,31.357,31.245
2026-03-17T08:42:13.424Z,31.685,31.386,31.791,31.357,31.245
2026-03-17T08:42:13.994Z,31.683,31.386,32.312,31.365,31.226
2026-03-17T08:42:14.519Z,31.683,31.386,32.312,31.365,31.226
2026-03-17T08:42:15.033Z,31.683,31.386,32.312,31.365,31.226
2026-03-17T08:42:15.543Z,31.683,31.386,32.312,31.365,31.226
2026-03-17T08:42:16.053Z,31.669,31.41,31.902,31.348,31.194
2026-03-17T08:42:16.623Z,31.669,31.41,31.902,31.348,31.194
2026-03-17T08:42:17.218Z,31.669,31.41,31.902,31.348,31.194
2026-03-17T08:42:17.796Z,31.67,31.393,32.099,31.364,31.197
2026-03-17T08:42:18.308Z,31.67,31.393,32.099,31.364,31.197
2026-03-17T08:42:18.818Z,31.67,31.393,32.099,31.364,31.197
2026-03-17T08:42:19.332Z,31.67,31.393,32.099,31.364,31.197
2026-03-17T08:42:19.839Z,31.649,31.403,32.069,31.342,31.224
2026-03-17T08:42:20.355Z,31.649,31.403,32.069,31.342,31.224
2026-03-17T08:42:20.87Z,31.649,31.403,32.069,31.342,31.224
2026-03-17T08:42:21.411Z,31.649,31.403,32.069,31.342,31.224
2026-03-17T08:42:22.093Z,31.651,31.409,32.214,31.344,31.213
2026-03-17T08:42:22.68Z,31.651,31.409,32.214,31.344,31.213
2026-03-17T08:42:23.25Z,31.651,31.409,32.214,31.344,31.213
2026-03-17T08:42:23.834Z,31.651,31.409,32.214,31.344,31.213
2026-03-17T08:42:24.349Z,31.654,31.409,32.053,31.35,31.213
2026-03-17T08:42:24.918Z,31.654,31.409,32.053,31.35,31.213
2026-03-17T08:42:25.475Z,31.654,31.409,32.053,31.35,31.213
2026-03-17T08:42:25.988Z,31.638,31.448,32.524,31.346,31.192
2026-03-17T08:42:26.512Z,31.638,31.448,32.524,31.346,31.192
2026-03-17T08:42:27.066Z,31.638,31.448,32.524,31.346,31.192
2026-03-17T08:42:27.639Z,31.638,31.448,32.524,31.346,31.192
2026-03-17T08:42:28.239Z,31.654,31.464,32.289,31.346,31.176
2026-03-17T08:42:28.754Z,31.654,31.464,32.289,31.346,31.176
2026-03-17T08:42:29.288Z,31.654,31.464,32.289,31.346,31.176
2026-03-17T08:42:29.88Z,31.654,31.464,32.289,31.346,31.176
2026-03-17T08:42:30.392Z,31.67,31.496,32.086,31.351,31.157
2026-03-17T08:42:30.957Z,31.67,31.496,32.086,31.351,31.157
2026-03-17T08:42:31.557Z,31.67,31.496,32.086,31.351,31.157
2026-03-17T08:42:32.131Z,31.677,31.498,32.421,31.343,31.16
2026-03-17T08:42:32.697Z,31.677,31.498,32.421,31.343,31.16
2026-03-17T08:42:33.273Z,31.677,31.498,32.421,31.343,31.16
2026-03-17T08:42:33.866Z,31.677,31.498,32.421,31.343,31.16
2026-03-17T08:42:34.439Z,31.664,31.497,32.531,31.351,31.176
2026-03-17T08:42:34.995Z,31.664,31.497,32.531,31.351,31.176
2026-03-17T08:42:35.508Z,31.664,31.497,32.531,31.351,31.176
2026-03-17T08:42:36.025Z,31.664,31.497,32.531,31.351,31.176
2026-03-17T08:42:36.538Z,31.628,31.526,32.148,31.33,31.156
2026-03-17T08:42:37.046Z,31.628,31.526,32.148,31.33,31.156
2026-03-17T08:42:37.612Z,31.628,31.526,32.148,31.33,31.156
2026-03-17T08:42:38.174Z,31.641,31.526,32.212,31.327,31.164
2026-03-17T08:42:38.68Z,31.641,31.526,32.212,31.327,31.164
2026-03-17T08:42:39.191Z,31.641,31.526,32.212,31.327,31.164
2026-03-17T08:42:39.704Z,31.641,31.526,32.212,31.327,31.164
2026-03-17T08:42:40.216Z,31.628,31.545,32.238,31.322,31.131
2026-03-17T08:42:40.731Z,31.628,31.545,32.238,31.322,31.131
2026-03-17T08:42:41.32Z,31.628,31.545,32.238,31.322,31.131
2026-03-17T08:42:41.89Z,31.628,31.545,32.238,31.322,31.131
2026-03-17T08:42:42.471Z,31.612,31.523,32.642,31.308,31.147
2026-03-17T08:42:43.054Z,31.612,31.523,32.642,31.308,31.147
2026-03-17T08:42:43.642Z,31.612,31.523,32.642,31.308,31.147
2026-03-17T08:42:44.175Z,31.612,31.523,32.642,31.308,31.147
2026-03-17T08:42:44.725Z,31.604,31.531,32.634,31.318,31.131
2026-03-17T08:42:45.254Z,31.604,31.531,32.634,31.318,31.131
2026-03-17T08:42:45.845Z,31.604,31.531,32.634,31.318,31.131
2026-03-17T08:42:46.36Z,31.601,31.557,32.567,31.301,31.123
2026-03-17T08:42:46.874Z,31.601,31.557,32.567,31.301,31.123
2026-03-17T08:42:47.385Z,31.601,31.557,32.567,31.301,31.123
2026-03-17T08:42:47.957Z,31.601,31.557,32.567,31.301,31.123
2026-03-17T08:42:48.525Z,31.58,31.578,33.247,31.287,31.131
2026-03-17T08:42:49.095Z,31.58,31.578,33.247,31.287,31.131
2026-03-17T08:42:49.681Z,31.58,31.578,33.247,31.287,31.131
2026-03-17T08:42:50.253Z,31.58,31.578,33.247,31.287,31.131
2026-03-17T08:42:50.771Z,31.567,31.585,32.83,31.271,31.124
2026-03-17T08:42:51.28Z,31.567,31.585,32.83,31.271,31.124
2026-03-17T08:42:51.792Z,31.567,31.585,32.83,31.271,31.124
2026-03-17T08:42:52.301Z,31.567,31.585,32.83,31.271,31.124
2026-03-17T08:42:52.813Z,31.565,31.59,33.134,31.289,31.088
2026-03-17T08:42:53.324Z,31.565,31.59,33.134,31.289,31.088
2026-03-17T08:42:53.841Z,31.565,31.59,33.134,31.289,31.088
2026-03-17T08:42:54.353Z,31.565,31.59,33.134,31.289,31.088
2026-03-17T08:42:54.87Z,31.549,31.606,32.838,31.27,31.072
2026-03-17T08:42:55.378Z,31.549,31.606,32.838,31.27,31.072
2026-03-17T08:42:55.887Z,31.549,31.606,32.838,31.27,31.072
2026-03-17T08:42:56.396Z,31.549,31.606,32.838,31.27,31.072
2026-03-17T08:42:56.912Z,31.567,31.63,32.962,31.289,31.079
2026-03-17T08:42:57.423Z,31.567,31.63,32.962,31.289,31.079
2026-03-17T08:42:57.934Z,31.567,31.63,32.962,31.289,31.079
2026-03-17T08:42:58.444Z,31.567,31.63,32.962,31.289,31.079
2026-03-17T08:42:58.954Z,31.559,31.667,33.316,31.292,31.089
2026-03-17T08:42:59.471Z,31.559,31.667,33.316,31.292,31.089
2026-03-17T08:43:00.044Z,31.559,31.667,33.316,31.292,31.089
2026-03-17T08:43:00.612Z,31.57,31.704,33.099,31.281,31.084
2026-03-17T08:43:01.212Z,31.57,31.704,33.099,31.281,31.084
2026-03-17T08:43:01.783Z,31.57,31.704,33.099,31.281,31.084
2026-03-17T08:43:02.338Z,31.57,31.704,33.099,31.281,31.084
2026-03-17T08:43:02.849Z,31.58,31.717,33.049,31.3,31.1
2026-03-17T08:43:03.424Z,31.58,31.717,33.049,31.3,31.1
2026-03-17T08:43:03.981Z,31.58,31.717,33.049,31.3,31.1
2026-03-17T08:43:04.489Z,31.58,31.717,33.049,31.3,31.1
2026-03-17T08:43:05.003Z,31.573,31.736,32.859,31.3,31.067
2026-03-17T08:43:05.575Z,31.573,31.736,32.859,31.3,31.067
2026-03-17T08:43:06.121Z,31.573,31.736,32.859,31.3,31.067
2026-03-17T08:43:06.643Z,31.573,31.736,32.859,31.3,31.067
2026-03-17T08:43:07.15Z,31.551,31.751,32.981,31.285,31.083
2026-03-17T08:43:07.663Z,31.551,31.751,32.981,31.285,31.083
2026-03-17T08:43:08.176Z,31.551,31.751,32.981,31.285,31.083
2026-03-17T08:43:08.689Z,31.551,31.751,32.981,31.285,31.083
2026-03-17T08:43:09.201Z,31.538,31.762,33.361,31.285,31.069
2026-03-17T08:43:09.711Z,31.538,31.762,33.361,31.285,31.069
2026-03-17T08:43:10.226Z,31.538,31.762,33.361,31.285,31.069
2026-03-17T08:43:10.733Z,31.538,31.762,33.361,31.285,31.069
2026-03-17T08:43:11.302Z,31.554,31.775,33.53,31.285,31.077
2026-03-17T08:43:11.86Z,31.554,31.775,33.53,31.285,31.077
2026-03-17T08:43:12.373Z,31.554,31.775,33.53,31.285,31.077
2026-03-17T08:43:12.891Z,31.549,31.825,33.187,31.285,31.101
2026-03-17T08:43:13.399Z,31.549,31.825,33.187,31.285,31.101
2026-03-17T08:43:13.91Z,31.549,31.825,33.187,31.285,31.101
2026-03-17T08:43:14.425Z,31.549,31.825,33.187,31.285,31.101
2026-03-17T08:43:14.933Z,31.544,31.849,33.092,31.296,31.069
2026-03-17T08:43:15.443Z,31.544,31.849,33.092,31.296,31.069
2026-03-17T08:43:15.958Z,31.544,31.849,33.092,31.296,31.069
2026-03-17T08:43:16.47Z,31.544,31.849,33.092,31.296,31.069
2026-03-17T08:43:17.025Z,31.546,31.862,33.707,31.304,31.072
2026-03-17T08:43:17.598Z,31.546,31.862,33.707,31.304,31.072
2026-03-17T08:43:18.169Z,31.546,31.862,33.707,31.304,31.072
2026-03-17T08:43:18.72Z,31.546,31.862,33.707,31.304,31.072
2026-03-17T08:43:19.24Z,31.546,31.884,33.845,31.301,31.08
2026-03-17T08:43:19.747Z,31.546,31.884,33.845,31.301,31.08
2026-03-17T08:43:20.259Z,31.546,31.884,33.845,31.301,31.08
2026-03-17T08:43:20.772Z,31.546,31.884,33.845,31.301,31.08
2026-03-17T08:43:21.343Z,31.551,31.915,33.71,31.277,31.072
2026-03-17T08:43:21.901Z,31.551,31.915,33.71,31.277,31.072
2026-03-17T08:43:22.407Z,31.551,31.915,33.71,31.277,31.072
2026-03-17T08:43:22.946Z,31.551,31.915,33.71,31.277,31.072
2026-03-17T08:43:23.537Z,31.554,31.952,33.974,31.291,31.072
2026-03-17T08:43:24.053Z,31.554,31.952,33.974,31.291,31.072
2026-03-17T08:43:24.557Z,31.554,31.952,33.974,31.291,31.072
2026-03-17T08:43:25.123Z,31.541,31.973,33.681,31.283,31.101
2026-03-17T08:43:25.785Z,31.541,31.973,33.681,31.283,31.101
2026-03-17T08:43:26.352Z,31.541,31.973,33.681,31.283,31.101
2026-03-17T08:43:26.915Z,31.541,31.973,33.681,31.283,31.101
2026-03-17T08:43:27.427Z,31.554,32.026,33.565,31.309,31.106
2026-03-17T08:43:27.998Z,31.554,32.026,33.565,31.309,31.106
2026-03-17T08:43:28.568Z,31.554,32.026,33.565,31.309,31.106
2026-03-17T08:43:29.135Z,31.554,32.047,34.405,31.288,31.088
2026-03-17T08:43:29.68Z,31.554,32.047,34.405,31.288,31.088
2026-03-17T08:43:30.192Z,31.554,32.047,34.405,31.288,31.088
2026-03-17T08:43:30.698Z,31.554,32.047,34.405,31.288,31.088
2026-03-17T08:43:31.267Z,31.544,32.084,34.238,31.307,31.072
2026-03-17T08:43:31.824Z,31.544,32.084,34.238,31.307,31.072
2026-03-17T08:43:32.34Z,31.544,32.084,34.238,31.307,31.072
2026-03-17T08:43:32.853Z,31.544,32.084,34.238,31.307,31.072
2026-03-17T08:43:33.366Z,31.559,32.095,33.852,31.288,31.096
2026-03-17T08:43:33.88Z,31.559,32.095,33.852,31.288,31.096
2026-03-17T08:43:34.39Z,31.559,32.095,33.852,31.288,31.096
2026-03-17T08:43:34.903Z,31.559,32.095,33.852,31.288,31.096
2026-03-17T08:43:35.415Z,31.551,32.132,33.718,31.304,31.088
2026-03-17T08:43:35.927Z,31.551,32.132,33.718,31.304,31.088
2026-03-17T08:43:36.437Z,31.551,32.132,33.718,31.304,31.088
2026-03-17T08:43:36.951Z,31.551,32.132,33.718,31.304,31.088
2026-03-17T08:43:37.465Z,31.549,32.171,34.154,31.309,31.088
2026-03-17T08:43:37.975Z,31.549,32.171,34.154,31.309,31.088
2026-03-17T08:43:38.482Z,31.549,32.171,34.154,31.309,31.088
2026-03-17T08:43:38.999Z,31.549,32.171,34.154,31.309,31.088
2026-03-17T08:43:39.512Z,31.557,32.19,34.389,31.301,31.091
2026-03-17T08:43:40.021Z,31.557,32.19,34.389,31.301,31.091
2026-03-17T08:43:40.613Z,31.557,32.19,34.389,31.301,31.091
2026-03-17T08:43:41.15Z,31.557,32.19,34.389,31.301,31.091
2026-03-17T08:43:41.662Z,31.557,32.245,34.346,31.304,31.106
2026-03-17T08:43:42.172Z,31.557,32.245,34.346,31.304,31.106
2026-03-17T08:43:42.684Z,31.557,32.245,34.346,31.304,31.106
2026-03-17T08:43:43.261Z,31.557,32.245,34.346,31.304,31.106
2026-03-17T08:43:43.861Z,31.554,32.277,34.238,31.32,31.128
2026-03-17T08:43:44.423Z,31.554,32.277,34.238,31.32,31.128
2026-03-17T08:43:44.935Z,31.554,32.277,34.238,31.32,31.128
2026-03-17T08:43:45.452Z,31.549,32.301,34.278,31.312,31.125
2026-03-17T08:43:45.961Z,31.549,32.301,34.278,31.312,31.125
2026-03-17T08:43:46.475Z,31.549,32.301,34.278,31.312,31.125
2026-03-17T08:43:46.985Z,31.549,32.301,34.278,31.312,31.125
2026-03-17T08:43:47.501Z,31.544,32.348,34.846,31.33,31.088
2026-03-17T08:43:48.01Z,31.544,32.348,34.846,31.33,31.088
2026-03-17T08:43:48.522Z,31.544,32.348,34.846,31.33,31.088
2026-03-17T08:43:49.099Z,31.544,32.348,34.846,31.33,31.088
2026-03-17T08:43:49.65Z,31.559,32.385,34.748,31.33,31.085
2026-03-17T08:43:50.163Z,31.559,32.385,34.748,31.33,31.085
2026-03-17T08:43:50.671Z,31.559,32.385,34.748,31.33,31.085
2026-03-17T08:43:51.181Z,31.559,32.385,34.748,31.33,31.085
2026-03-17T08:43:51.694Z,31.549,32.417,35.19,31.33,31.093
2026-03-17T08:43:52.209Z,31.549,32.417,35.19,31.33,31.093
2026-03-17T08:43:52.722Z,31.549,32.417,35.19,31.33,31.093
2026-03-17T08:43:53.234Z,31.549,32.417,35.19,31.33,31.093
2026-03-17T08:43:53.748Z,31.546,32.473,35.039,31.333,31.083
2026-03-17T08:43:54.256Z,31.546,32.473,35.039,31.333,31.083
2026-03-17T08:43:54.768Z,31.546,32.473,35.039,31.333,31.083
2026-03-17T08:43:55.279Z,31.546,32.473,35.039,31.333,31.083
2026-03-17T08:43:55.793Z,31.575,32.502,34.912,31.325,31.106
2026-03-17T08:43:56.306Z,31.575,32.502,34.912,31.325,31.106
2026-03-17T08:43:56.82Z,31.575,32.502,34.912,31.325,31.106
2026-03-17T08:43:57.386Z,31.575,32.502,34.912,31.325,31.106
2026-03-17T08:43:57.946Z,31.562,32.525,34.83,31.338,31.093
2026-03-17T08:43:58.453Z,31.562,32.525,34.83,31.338,31.093
2026-03-17T08:43:58.967Z,31.562,32.525,34.83,31.338,31.093
2026-03-17T08:43:59.482Z,31.562,32.525,34.83,31.338,31.093
2026-03-17T08:43:59.991Z,31.546,32.581,34.737,31.336,31.083
2026-03-17T08:44:00.501Z,31.546,32.581,34.737,31.336,31.083
2026-03-17T08:44:01.015Z,31.546,32.581,34.737,31.336,31.083
2026-03-17T08:44:01.525Z,31.546,32.581,34.737,31.336,31.083
2026-03-17T08:44:02.045Z,31.554,32.626,34.885,31.354,31.114
2026-03-17T08:44:02.617Z,31.554,32.626,34.885,31.354,31.114
2026-03-17T08:44:03.168Z,31.554,32.626,34.885,31.354,31.114
2026-03-17T08:44:03.675Z,31.554,32.626,34.885,31.354,31.114
2026-03-17T08:44:04.188Z,31.554,32.655,35.561,31.349,31.114
2026-03-17T08:44:04.698Z,31.554,32.655,35.561,31.349,31.114
2026-03-17T08:44:05.217Z,31.554,32.655,35.561,31.349,31.114
2026-03-17T08:44:05.725Z,31.554,32.655,35.561,31.349,31.114
2026-03-17T08:44:06.238Z,31.557,32.697,35.342,31.346,31.128
2026-03-17T08:44:06.752Z,31.557,32.697,35.342,31.346,31.128
2026-03-17T08:44:07.263Z,31.557,32.697,35.342,31.346,31.128
2026-03-17T08:44:07.777Z,31.557,32.697,35.342,31.346,31.128
2026-03-17T08:44:08.287Z,31.567,32.734,35.274,31.346,31.128
2026-03-17T08:44:08.8Z,31.567,32.734,35.274,31.346,31.128
2026-03-17T08:44:09.375Z,31.567,32.734,35.274,31.346,31.128
2026-03-17T08:44:09.925Z,31.559,32.776,35.585,31.367,31.154
2026-03-17T08:44:10.435Z,31.559,32.776,35.585,31.367,31.154
2026-03-17T08:44:10.954Z,31.559,32.776,35.585,31.367,31.154
2026-03-17T08:44:11.463Z,31.559,32.776,35.585,31.367,31.154
2026-03-17T08:44:11.974Z,31.562,32.813,35.9,31.378,31.154
2026-03-17T08:44:12.485Z,31.562,32.813,35.9,31.378,31.154
2026-03-17T08:44:12.996Z,31.562,32.813,35.9,31.378,31.154
2026-03-17T08:44:13.511Z,31.562,32.813,35.9,31.378,31.154
2026-03-17T08:44:14.022Z,31.565,32.922,35.741,31.367,31.172
2026-03-17T08:44:14.534Z,31.565,32.922,35.741,31.367,31.172
2026-03-17T08:44:15.042Z,31.565,32.922,35.741,31.367,31.172
2026-03-17T08:44:15.558Z,31.565,32.922,35.741,31.367,31.172
2026-03-17T08:44:16.069Z,31.557,32.953,35.624,31.378,31.143
2026-03-17T08:44:16.579Z,31.557,32.953,35.624,31.378,31.143
2026-03-17T08:44:17.103Z,31.557,32.953,35.624,31.378,31.143
2026-03-17T08:44:17.702Z,31.557,32.953,35.624,31.378,31.143
2026-03-17T08:44:18.276Z,31.559,33.006,35.444,31.365,31.157
2026-03-17T08:44:18.832Z,31.559,33.006,35.444,31.365,31.157
2026-03-17T08:44:19.344Z,31.559,33.006,35.444,31.365,31.157
2026-03-17T08:44:19.856Z,31.559,33.006,35.444,31.365,31.157
2026-03-17T08:44:20.371Z,31.549,33.059,35.498,31.38,31.157
2026-03-17T08:44:20.881Z,31.549,33.059,35.498,31.38,31.157
2026-03-17T08:44:21.395Z,31.549,33.059,35.498,31.38,31.157
2026-03-17T08:44:21.964Z,31.549,33.059,35.498,31.38,31.157
2026-03-17T08:44:22.493Z,31.57,33.093,35.527,31.391,31.159
2026-03-17T08:44:23.059Z,31.57,33.093,35.527,31.391,31.159
2026-03-17T08:44:23.64Z,31.57,33.093,35.527,31.391,31.159
2026-03-17T08:44:24.159Z,31.57,33.093,35.527,31.391,31.159
2026-03-17T08:44:24.67Z,31.554,33.149,35.467,31.394,31.135
2026-03-17T08:44:25.179Z,31.554,33.149,35.467,31.394,31.135
2026-03-17T08:44:25.693Z,31.554,33.149,35.467,31.394,31.135
2026-03-17T08:44:26.205Z,31.554,33.149,35.467,31.394,31.135
2026-03-17T08:44:26.718Z,31.565,33.204,35.812,31.399,31.17
2026-03-17T08:44:27.23Z,31.565,33.204,35.812,31.399,31.17
2026-03-17T08:44:27.743Z,31.565,33.204,35.812,31.399,31.17
2026-03-17T08:44:28.316Z,31.549,33.233,36.274,31.396,31.178
2026-03-17T08:44:28.869Z,31.549,33.233,36.274,31.396,31.178
2026-03-17T08:44:29.38Z,31.549,33.233,36.274,31.396,31.178
2026-03-17T08:44:29.893Z,31.549,33.233,36.274,31.396,31.178
2026-03-17T08:44:30.401Z,31.573,33.302,36.906,31.394,31.18
2026-03-17T08:44:30.917Z,31.573,33.302,36.906,31.394,31.18
2026-03-17T08:44:31.432Z,31.573,33.302,36.906,31.394,31.18
2026-03-17T08:44:31.939Z,31.573,33.302,36.906,31.394,31.18
2026-03-17T08:44:32.455Z,31.573,33.331,35.853,31.415,31.151
2026-03-17T08:44:32.966Z,31.573,33.331,35.853,31.415,31.151
2026-03-17T08:44:33.548Z,31.573,33.331,35.853,31.415,31.151
2026-03-17T08:44:34.094Z,31.573,33.331,35.853,31.415,31.151
2026-03-17T08:44:34.603Z,31.559,33.376,35.903,31.404,31.175
2026-03-17T08:44:35.114Z,31.559,33.376,35.903,31.404,31.175
2026-03-17T08:44:35.626Z,31.559,33.376,35.903,31.404,31.175
2026-03-17T08:44:36.137Z,31.559,33.376,35.903,31.404,31.175
2026-03-17T08:44:36.649Z,31.578,33.434,36.274,31.428,31.194
2026-03-17T08:44:37.161Z,31.578,33.434,36.274,31.428,31.194
2026-03-17T08:44:37.678Z,31.578,33.434,36.274,31.428,31.194
2026-03-17T08:44:38.183Z,31.578,33.434,36.274,31.428,31.194
2026-03-17T08:44:38.696Z,31.573,33.495,36.658,31.436,31.172
2026-03-17T08:44:39.21Z,31.573,33.495,36.658,31.436,31.172
2026-03-17T08:44:39.725Z,31.573,33.495,36.658,31.436,31.172
2026-03-17T08:44:40.305Z,31.573,33.495,36.658,31.436,31.172
2026-03-17T08:44:40.853Z,31.565,33.54,36.754,31.433,31.154
2026-03-17T08:44:41.363Z,31.565,33.54,36.754,31.433,31.154
2026-03-17T08:44:41.948Z,31.565,33.54,36.754,31.433,31.154
2026-03-17T08:44:42.518Z,31.565,33.54,36.754,31.433,31.154
2026-03-17T08:44:43.099Z,31.559,33.582,36.616,31.457,31.135
2026-03-17T08:44:43.669Z,31.559,33.582,36.616,31.457,31.135
2026-03-17T08:44:44.238Z,31.559,33.582,36.616,31.457,31.135
2026-03-17T08:44:44.742Z,31.573,33.64,36.822,31.444,31.149
2026-03-17T08:44:45.254Z,31.573,33.64,36.822,31.444,31.149
2026-03-17T08:44:45.764Z,31.573,33.64,36.822,31.444,31.149
2026-03-17T08:44:46.351Z,31.573,33.64,36.822,31.444,31.149
2026-03-17T08:44:46.891Z,31.562,33.693,36.543,31.449,31.146
2026-03-17T08:44:47.402Z,31.562,33.693,36.543,31.449,31.146
2026-03-17T08:44:47.985Z,31.562,33.693,36.543,31.449,31.146
2026-03-17T08:44:48.559Z,31.562,33.693,36.543,31.449,31.146
2026-03-17T08:44:49.142Z,31.573,33.741,36.676,31.46,31.183
2026-03-17T08:44:49.713Z,31.573,33.741,36.676,31.46,31.183
2026-03-17T08:44:50.271Z,31.573,33.741,36.676,31.46,31.183
2026-03-17T08:44:50.784Z,31.559,33.78,36.981,31.468,31.186
2026-03-17T08:44:51.292Z,31.559,33.78,36.981,31.468,31.186
2026-03-17T08:44:51.806Z,31.559,33.78,36.981,31.468,31.186
2026-03-17T08:44:52.317Z,31.559,33.78,36.981,31.468,31.186
2026-03-17T08:44:52.827Z,31.573,33.838,37.01,31.481,31.172
2026-03-17T08:44:53.339Z,31.573,33.838,37.01,31.481,31.172
2026-03-17T08:44:53.926Z,31.573,33.838,37.01,31.481,31.172
2026-03-17T08:44:54.474Z,31.573,33.838,37.01,31.481,31.172
2026-03-17T08:44:54.981Z,31.565,33.881,37.895,31.473,31.167
2026-03-17T08:44:55.569Z,31.565,33.881,37.895,31.473,31.167
2026-03-17T08:44:56.122Z,31.565,33.881,37.895,31.473,31.167
2026-03-17T08:44:56.721Z,31.565,33.881,37.895,31.473,31.167
2026-03-17T08:44:57.304Z,31.557,33.944,37.284,31.481,31.154
2026-03-17T08:44:57.847Z,31.557,33.944,37.284,31.481,31.154
2026-03-17T08:44:58.36Z,31.557,33.944,37.284,31.481,31.154
2026-03-17T08:44:58.873Z,31.557,33.944,37.284,31.481,31.154
2026-03-17T08:44:59.384Z,31.578,33.992,37.611,31.515,31.196
2026-03-17T08:44:59.894Z,31.578,33.992,37.611,31.515,31.196
2026-03-17T08:45:00.409Z,31.578,33.992,37.611,31.515,31.196
2026-03-17T08:45:00.918Z,31.578,33.992,37.611,31.515,31.196
2026-03-17T08:45:01.43Z,31.575,34.034,37.371,31.502,31.191
2026-03-17T08:45:01.943Z,31.575,34.034,37.371,31.502,31.191
2026-03-17T08:45:02.455Z,31.575,34.034,37.371,31.502,31.191
2026-03-17T08:45:02.968Z,31.575,34.034,37.371,31.502,31.191
2026-03-17T08:45:03.481Z,31.578,34.095,37.621,31.518,31.191
2026-03-17T08:45:03.995Z,31.578,34.095,37.621,31.518,31.191
2026-03-17T08:45:04.576Z,31.578,34.095,37.621,31.518,31.191
2026-03-17T08:45:05.142Z,31.557,34.132,37.324,31.518,31.22
2026-03-17T08:45:05.731Z,31.557,34.132,37.324,31.518,31.22
2026-03-17T08:45:06.244Z,31.557,34.132,37.324,31.518,31.22
2026-03-17T08:45:06.758Z,31.557,34.132,37.324,31.518,31.22
2026-03-17T08:45:07.285Z,31.565,34.195,37.506,31.52,31.202
2026-03-17T08:45:07.793Z,31.565,34.195,37.506,31.52,31.202
2026-03-17T08:45:08.315Z,31.565,34.195,37.506,31.52,31.202
2026-03-17T08:45:08.834Z,31.565,34.195,37.506,31.52,31.202
2026-03-17T08:45:09.432Z,31.573,34.243,37.948,31.531,31.165
2026-03-17T08:45:09.931Z,31.573,34.243,37.948,31.531,31.165
2026-03-17T08:45:10.444Z,31.573,34.243,37.948,31.531,31.165
2026-03-17T08:45:10.954Z,31.573,34.243,37.948,31.531,31.165
2026-03-17T08:45:11.469Z,31.562,34.269,37.992,31.544,31.175
2026-03-17T08:45:11.978Z,31.562,34.269,37.992,31.544,31.175
2026-03-17T08:45:12.559Z,31.562,34.269,37.992,31.544,31.175
2026-03-17T08:45:13.135Z,31.562,34.269,37.992,31.544,31.175
2026-03-17T08:45:13.72Z,31.573,34.332,37.953,31.536,31.175
2026-03-17T08:45:14.232Z,31.573,34.332,37.953,31.536,31.175
2026-03-17T08:45:14.742Z,31.573,34.332,37.953,31.536,31.175
2026-03-17T08:45:15.256Z,31.575,34.383,38.295,31.547,31.157
2026-03-17T08:45:15.768Z,31.575,34.383,38.295,31.547,31.157
2026-03-17T08:45:16.281Z,31.575,34.383,38.295,31.547,31.157
2026-03-17T08:45:16.787Z,31.575,34.383,38.295,31.547,31.157
2026-03-17T08:45:17.325Z,31.554,34.449,38.279,31.55,31.172
2026-03-17T08:45:17.842Z,31.554,34.449,38.279,31.55,31.172
2026-03-17T08:45:18.35Z,31.554,34.449,38.279,31.55,31.172
2026-03-17T08:45:18.859Z,31.554,34.449,38.279,31.55,31.172
2026-03-17T08:45:19.382Z,31.573,34.507,38.245,31.563,31.141
2026-03-17T08:45:19.884Z,31.573,34.507,38.245,31.563,31.141
2026-03-17T08:45:20.48Z,31.573,34.507,38.245,31.563,31.141
2026-03-17T08:45:20.991Z,31.573,34.507,38.245,31.563,31.141
2026-03-17T08:45:21.502Z,31.567,34.557,38.068,31.576,31.128
2026-03-17T08:45:22.014Z,31.567,34.557,38.068,31.576,31.128
2026-03-17T08:45:22.526Z,31.567,34.557,38.068,31.576,31.128
2026-03-17T08:45:23.042Z,31.567,34.557,38.068,31.576,31.128
2026-03-17T08:45:23.551Z,31.57,34.61,38.723,31.594,31.128
2026-03-17T08:45:24.064Z,31.57,34.61,38.723,31.594,31.128
2026-03-17T08:45:24.646Z,31.57,34.61,38.723,31.594,31.128
2026-03-17T08:45:25.213Z,31.57,34.61,38.723,31.594,31.128
2026-03-17T08:45:25.804Z,31.588,34.678,38.535,31.584,31.13
2026-03-17T08:45:26.315Z,31.588,34.678,38.535,31.584,31.13
2026-03-17T08:45:26.826Z,31.588,34.678,38.535,31.584,31.13
2026-03-17T08:45:27.339Z,31.588,34.678,38.535,31.584,31.13
2026-03-17T08:45:27.853Z,31.588,34.718,38.198,31.6,31.135
2026-03-17T08:45:28.438Z,31.588,34.718,38.198,31.6,31.135
2026-03-17T08:45:28.97Z,31.588,34.718,38.198,31.6,31.135
2026-03-17T08:45:29.498Z,31.573,34.774,38.475,31.605,31.128
2026-03-17T08:45:30.014Z,31.573,34.774,38.475,31.605,31.128
2026-03-17T08:45:30.587Z,31.573,34.774,38.475,31.605,31.128
2026-03-17T08:45:31.131Z,31.573,34.774,38.475,31.605,31.128
2026-03-17T08:45:31.643Z,31.588,34.85,38.587,31.624,31.125
2026-03-17T08:45:32.152Z,31.588,34.85,38.587,31.624,31.125
2026-03-17T08:45:32.665Z,31.588,34.85,38.587,31.624,31.125
2026-03-17T08:45:33.176Z,31.588,34.85,38.587,31.624,31.125
2026-03-17T08:45:33.688Z,31.573,34.892,38.36,31.624,31.128
2026-03-17T08:45:34.201Z,31.573,34.892,38.36,31.624,31.128
2026-03-17T08:45:34.714Z,31.573,34.892,38.36,31.624,31.128
2026-03-17T08:45:35.231Z,31.573,34.892,38.36,31.624,31.128
2026-03-17T08:45:35.822Z,31.57,34.961,39.154,31.639,31.122
2026-03-17T08:45:36.394Z,31.57,34.961,39.154,31.639,31.122
2026-03-17T08:45:36.964Z,31.57,34.961,39.154,31.639,31.122
2026-03-17T08:45:37.479Z,31.57,34.961,39.154,31.639,31.122
2026-03-17T08:45:37.991Z,31.583,35.022,38.927,31.647,31.125
2026-03-17T08:45:38.501Z,31.583,35.022,38.927,31.647,31.125
2026-03-17T08:45:39.014Z,31.583,35.022,38.927,31.647,31.125
2026-03-17T08:45:39.524Z,31.583,35.022,38.927,31.647,31.125
2026-03-17T08:45:40.042Z,31.578,35.064,38.66,31.653,31.101
2026-03-17T08:45:40.627Z,31.578,35.064,38.66,31.653,31.101
2026-03-17T08:45:41.164Z,31.578,35.064,38.66,31.653,31.101
2026-03-17T08:45:41.675Z,31.578,35.064,38.66,31.653,31.101
2026-03-17T08:45:42.186Z,31.565,35.127,38.916,31.653,31.135
2026-03-17T08:45:42.701Z,31.565,35.127,38.916,31.653,31.135
2026-03-17T08:45:43.213Z,31.565,35.127,38.916,31.653,31.135
2026-03-17T08:45:43.721Z,31.565,35.127,38.916,31.653,31.135
2026-03-17T08:45:44.233Z,31.581,35.166,39.506,31.668,31.135
2026-03-17T08:45:44.82Z,31.581,35.166,39.506,31.668,31.135
2026-03-17T08:45:45.36Z,31.581,35.166,39.506,31.668,31.135
2026-03-17T08:45:45.872Z,31.57,35.223,39.175,31.658,31.12
2026-03-17T08:45:46.385Z,31.57,35.223,39.175,31.658,31.12
2026-03-17T08:45:46.974Z,31.57,35.223,39.175,31.658,31.12
2026-03-17T08:45:47.549Z,31.57,35.223,39.175,31.658,31.12
2026-03-17T08:45:48.126Z,31.586,35.263,39.123,31.682,31.13
2026-03-17T08:45:48.644Z,31.586,35.263,39.123,31.682,31.13
2026-03-17T08:45:49.15Z,31.586,35.263,39.123,31.682,31.13
2026-03-17T08:45:49.662Z,31.586,35.263,39.123,31.682,31.13
2026-03-17T08:45:50.171Z,31.575,35.315,39.258,31.687,31.133
2026-03-17T08:45:50.687Z,31.575,35.315,39.258,31.687,31.133
2026-03-17T08:45:51.195Z,31.575,35.315,39.258,31.687,31.133
2026-03-17T08:45:51.71Z,31.575,35.315,39.258,31.687,31.133
2026-03-17T08:45:52.227Z,31.57,35.385,39.624,31.713,31.125
2026-03-17T08:45:52.736Z,31.57,35.385,39.624,31.713,31.125
2026-03-17T08:45:53.248Z,31.57,35.385,39.624,31.713,31.125
2026-03-17T08:45:53.761Z,31.57,35.385,39.624,31.713,31.125
2026-03-17T08:45:54.267Z,31.573,35.432,39.817,31.708,31.112
2026-03-17T08:45:54.781Z,31.573,35.432,39.817,31.708,31.112
2026-03-17T08:45:55.293Z,31.573,35.432,39.817,31.708,31.112
2026-03-17T08:45:55.804Z,31.573,35.432,39.817,31.708,31.112
2026-03-17T08:45:56.317Z,31.575,35.55,39.556,31.713,31.13
2026-03-17T08:45:56.83Z,31.575,35.55,39.556,31.713,31.13
2026-03-17T08:45:57.339Z,31.575,35.55,39.556,31.713,31.13
2026-03-17T08:45:57.852Z,31.575,35.55,39.556,31.713,31.13
2026-03-17T08:45:58.366Z,31.583,35.599,40.428,31.727,31.109
2026-03-17T08:45:58.875Z,31.583,35.599,40.428,31.727,31.109
2026-03-17T08:45:59.389Z,31.583,35.599,40.428,31.727,31.109
2026-03-17T08:45:59.9Z,31.583,35.599,40.428,31.727,31.109
2026-03-17T08:46:00.414Z,31.578,35.646,39.835,31.724,31.12
2026-03-17T08:46:00.929Z,31.578,35.646,39.835,31.724,31.12
2026-03-17T08:46:01.435Z,31.578,35.646,39.835,31.724,31.12
2026-03-17T08:46:01.947Z,31.578,35.646,39.835,31.724,31.12
2026-03-17T08:46:02.543Z,31.578,35.696,40.238,31.753,31.117
2026-03-17T08:46:03.078Z,31.578,35.696,40.238,31.753,31.117
2026-03-17T08:46:03.591Z,31.578,35.696,40.238,31.753,31.117
2026-03-17T08:46:04.097Z,31.578,35.696,40.238,31.753,31.117
2026-03-17T08:46:04.611Z,31.57,35.753,39.436,31.758,31.141
2026-03-17T08:46:05.124Z,31.57,35.753,39.436,31.758,31.141
2026-03-17T08:46:05.638Z,31.57,35.753,39.436,31.758,31.141
2026-03-17T08:46:06.145Z,31.57,35.753,39.436,31.758,31.141
2026-03-17T08:46:06.727Z,31.581,35.821,39.694,31.771,31.141
2026-03-17T08:46:07.275Z,31.581,35.821,39.694,31.771,31.141
2026-03-17T08:46:07.785Z,31.581,35.821,39.694,31.771,31.141
2026-03-17T08:46:08.307Z,31.583,35.868,40.005,31.787,31.146
2026-03-17T08:46:08.81Z,31.583,35.868,40.005,31.787,31.146
2026-03-17T08:46:09.404Z,31.583,35.868,40.005,31.787,31.146
2026-03-17T08:46:09.939Z,31.583,35.868,40.005,31.787,31.146
2026-03-17T08:46:10.449Z,31.573,35.921,40.112,31.795,31.154
2026-03-17T08:46:10.958Z,31.573,35.921,40.112,31.795,31.154
2026-03-17T08:46:11.474Z,31.573,35.921,40.112,31.795,31.154
2026-03-17T08:46:11.984Z,31.573,35.921,40.112,31.795,31.154
2026-03-17T08:46:12.564Z,31.575,36.001,39.969,31.824,31.141
2026-03-17T08:46:13.111Z,31.575,36.001,39.969,31.824,31.141
2026-03-17T08:46:13.623Z,31.575,36.001,39.969,31.824,31.141
2026-03-17T08:46:14.135Z,31.575,36.001,39.969,31.824,31.141
2026-03-17T08:46:14.646Z,31.586,36.056,39.953,31.811,31.133
2026-03-17T08:46:15.159Z,31.586,36.056,39.953,31.811,31.133
2026-03-17T08:46:15.672Z,31.586,36.056,39.953,31.811,31.133
2026-03-17T08:46:16.183Z,31.586,36.056,39.953,31.811,31.133
2026-03-17T08:46:16.695Z,31.583,36.093,40.324,31.845,31.128
2026-03-17T08:46:17.21Z,31.583,36.093,40.324,31.845,31.128
2026-03-17T08:46:17.729Z,31.583,36.093,40.324,31.845,31.128
2026-03-17T08:46:18.233Z,31.583,36.093,40.324,31.845,31.128
2026-03-17T08:46:18.749Z,31.578,36.163,40.637,31.856,31.133
2026-03-17T08:46:19.254Z,31.578,36.163,40.637,31.856,31.133
2026-03-17T08:46:19.767Z,31.578,36.163,40.637,31.856,31.133
2026-03-17T08:46:20.28Z,31.578,36.163,40.637,31.856,31.133
2026-03-17T08:46:20.792Z,31.586,36.216,40.788,31.859,31.151
2026-03-17T08:46:21.368Z,31.586,36.216,40.788,31.859,31.151
2026-03-17T08:46:21.917Z,31.586,36.216,40.788,31.859,31.151
2026-03-17T08:46:22.43Z,31.586,36.216,40.788,31.859,31.151
2026-03-17T08:46:22.944Z,31.586,36.26,40.661,31.861,31.162
2026-03-17T08:46:23.454Z,31.586,36.26,40.661,31.861,31.162
2026-03-17T08:46:23.964Z,31.586,36.26,40.661,31.861,31.162
2026-03-17T08:46:24.475Z,31.586,36.26,40.661,31.861,31.162
2026-03-17T08:46:25.047Z,31.591,36.325,40.976,31.869,31.157
2026-03-17T08:46:25.609Z,31.591,36.325,40.976,31.869,31.157
2026-03-17T08:46:26.116Z,31.591,36.325,40.976,31.869,31.157
2026-03-17T08:46:26.63Z,31.583,36.367,40.979,31.874,31.157
2026-03-17T08:46:27.142Z,31.583,36.367,40.979,31.874,31.157
2026-03-17T08:46:27.654Z,31.583,36.367,40.979,31.874,31.157
2026-03-17T08:46:28.162Z,31.583,36.367,40.979,31.874,31.157
2026-03-17T08:46:28.677Z,31.602,36.43,41.097,31.888,31.165
2026-03-17T08:46:29.192Z,31.602,36.43,41.097,31.888,31.165
2026-03-17T08:46:30.203Z,31.602,36.43,41.097,31.888,31.165
2026-03-17T08:46:30.711Z,31.581,36.485,40.997,31.893,31.165
2026-03-17T08:46:31.305Z,31.581,36.485,40.997,31.893,31.165
2026-03-17T08:46:31.817Z,31.581,36.485,40.997,31.893,31.165
2026-03-17T08:46:32.389Z,31.581,36.485,40.997,31.893,31.165
2026-03-17T08:46:32.981Z,31.591,36.534,41.164,31.906,31.167
2026-03-17T08:46:33.519Z,31.591,36.534,41.164,31.906,31.167
2026-03-17T08:46:34.03Z,31.591,36.534,41.164,31.906,31.167
2026-03-17T08:46:34.538Z,31.591,36.534,41.164,31.906,31.167
2026-03-17T08:46:35.126Z,31.588,36.594,40.862,31.933,31.175
2026-03-17T08:46:35.656Z,31.588,36.594,40.862,31.933,31.175
2026-03-17T08:46:36.168Z,31.588,36.594,40.862,31.933,31.175
2026-03-17T08:46:36.693Z,31.588,36.594,40.862,31.933,31.175
2026-03-17T08:46:37.283Z,31.583,36.639,40.927,31.93,31.178
2026-03-17T08:46:37.793Z,31.583,36.639,40.927,31.93,31.178
2026-03-17T08:46:38.302Z,31.583,36.639,40.927,31.93,31.178
2026-03-17T08:46:38.814Z,31.583,36.639,40.927,31.93,31.178
2026-03-17T08:46:39.325Z,31.612,36.691,41.324,31.951,31.162
2026-03-17T08:46:39.835Z,31.612,36.691,41.324,31.951,31.162
2026-03-17T08:46:40.348Z,31.612,36.691,41.324,31.951,31.162
2026-03-17T08:46:40.928Z,31.602,36.756,41.715,31.97,31.157
2026-03-17T08:46:41.491Z,31.602,36.756,41.715,31.97,31.157
2026-03-17T08:46:42.089Z,31.602,36.756,41.715,31.97,31.157
2026-03-17T08:46:42.658Z,31.602,36.756,41.715,31.97,31.157
2026-03-17T08:46:43.218Z,31.607,36.808,42.311,31.972,31.151
2026-03-17T08:46:43.726Z,31.607,36.808,42.311,31.972,31.151
2026-03-17T08:46:44.24Z,31.607,36.808,42.311,31.972,31.151
2026-03-17T08:46:44.756Z,31.607,36.808,42.311,31.972,31.151
2026-03-17T08:46:45.265Z,31.594,36.884,41.804,31.975,31.165
2026-03-17T08:46:45.779Z,31.594,36.884,41.804,31.975,31.165
2026-03-17T08:46:46.287Z,31.594,36.884,41.804,31.975,31.165
2026-03-17T08:46:46.891Z,31.594,36.884,41.804,31.975,31.165
2026-03-17T08:46:47.429Z,31.583,36.939,42.081,31.991,31.167
2026-03-17T08:46:47.94Z,31.583,36.939,42.081,31.991,31.167
2026-03-17T08:46:48.507Z,31.583,36.939,42.081,31.991,31.167
2026-03-17T08:46:49.089Z,31.61,37.007,41.676,32.012,31.165
2026-03-17T08:46:49.666Z,31.61,37.007,41.676,32.012,31.165
2026-03-17T08:46:50.18Z,31.61,37.007,41.676,32.012,31.165
2026-03-17T08:46:50.69Z,31.61,37.007,41.676,32.012,31.165
2026-03-17T08:46:51.204Z,31.596,37.049,41.358,32.025,31.167
2026-03-17T08:46:51.795Z,31.596,37.049,41.358,32.025,31.167
2026-03-17T08:46:52.33Z,31.596,37.049,41.358,32.025,31.167
2026-03-17T08:46:52.841Z,31.596,37.049,41.358,32.025,31.167
2026-03-17T08:46:53.355Z,31.596,37.116,42.06,32.03,31.162
2026-03-17T08:46:53.865Z,31.596,37.116,42.06,32.03,31.162
2026-03-17T08:46:54.379Z,31.596,37.116,42.06,32.03,31.162
2026-03-17T08:46:54.891Z,31.596,37.116,42.06,32.03,31.162
2026-03-17T08:46:55.404Z,31.61,37.174,41.883,32.049,31.167
2026-03-17T08:46:55.914Z,31.61,37.174,41.883,32.049,31.167
2026-03-17T08:46:56.427Z,31.61,37.174,41.883,32.049,31.167
2026-03-17T08:46:56.937Z,31.61,37.174,41.883,32.049,31.167
2026-03-17T08:46:57.449Z,31.602,37.255,42.334,32.075,31.172
2026-03-17T08:46:57.964Z,31.602,37.255,42.334,32.075,31.172
2026-03-17T08:46:58.475Z,31.602,37.255,42.334,32.075,31.172
2026-03-17T08:46:58.989Z,31.602,37.255,42.334,32.075,31.172
2026-03-17T08:46:59.498Z,31.612,37.289,42.397,32.083,31.178
2026-03-17T08:47:00.015Z,31.612,37.289,42.397,32.083,31.178
2026-03-17T08:47:00.519Z,31.612,37.289,42.397,32.083,31.178
2026-03-17T08:47:01.035Z,31.612,37.289,42.397,32.083,31.178
2026-03-17T08:47:01.547Z,31.618,37.354,42.875,32.112,31.17
2026-03-17T08:47:02.056Z,31.618,37.354,42.875,32.112,31.17
2026-03-17T08:47:02.569Z,31.618,37.354,42.875,32.112,31.17
2026-03-17T08:47:03.087Z,31.618,37.354,42.875,32.112,31.17
2026-03-17T08:47:03.595Z,31.607,37.44,42.196,32.123,31.143
2026-03-17T08:47:04.105Z,31.607,37.44,42.196,32.123,31.143
2026-03-17T08:47:04.62Z,31.607,37.44,42.196,32.123,31.143
2026-03-17T08:47:05.131Z,31.607,37.44,42.196,32.123,31.143
2026-03-17T08:47:05.646Z,31.599,37.487,42.603,32.128,31.151
2026-03-17T08:47:06.154Z,31.599,37.487,42.603,32.128,31.151
2026-03-17T08:47:06.666Z,31.599,37.487,42.603,32.128,31.151
2026-03-17T08:47:07.248Z,31.599,37.487,42.603,32.128,31.151
2026-03-17T08:47:07.792Z,31.604,37.537,42.337,32.155,31.143
2026-03-17T08:47:08.307Z,31.604,37.537,42.337,32.155,31.143
2026-03-17T08:47:08.894Z,31.604,37.537,42.337,32.155,31.143
2026-03-17T08:47:09.429Z,31.604,37.537,42.337,32.155,31.143
2026-03-17T08:47:09.945Z,31.612,37.599,43.063,32.144,31.143
2026-03-17T08:47:10.456Z,31.612,37.599,43.063,32.144,31.143
2026-03-17T08:47:10.971Z,31.612,37.599,43.063,32.144,31.143
2026-03-17T08:47:11.481Z,31.628,37.633,43.217,32.197,31.151
2026-03-17T08:47:11.99Z,31.628,37.633,43.217,32.197,31.151
2026-03-17T08:47:12.567Z,31.628,37.633,43.217,32.197,31.151
2026-03-17T08:47:13.119Z,31.628,37.633,43.217,32.197,31.151
2026-03-17T08:47:13.7Z,31.678,37.68,43.039,32.21,31.157
2026-03-17T08:47:14.245Z,31.678,37.68,43.039,32.21,31.157
2026-03-17T08:47:14.756Z,31.678,37.68,43.039,32.21,31.157
2026-03-17T08:47:15.27Z,31.678,37.68,43.039,32.21,31.157
2026-03-17T08:47:15.78Z,31.75,37.722,43.238,32.25,31.159
2026-03-17T08:47:16.292Z,31.75,37.722,43.238,32.25,31.159
2026-03-17T08:47:16.805Z,31.75,37.722,43.238,32.25,31.159
2026-03-17T08:47:17.318Z,31.75,37.722,43.238,32.25,31.159
2026-03-17T08:47:17.907Z,31.837,37.78,43.488,32.284,31.13
2026-03-17T08:47:18.44Z,31.837,37.78,43.488,32.284,31.13
2026-03-17T08:47:18.954Z,31.837,37.78,43.488,32.284,31.13
2026-03-17T08:47:19.468Z,31.837,37.78,43.488,32.284,31.13
2026-03-17T08:47:19.98Z,31.9,37.824,43.065,32.305,31.117
2026-03-17T08:47:20.493Z,31.9,37.824,43.065,32.305,31.117
2026-03-17T08:47:21.003Z,31.9,37.824,43.065,32.305,31.117
2026-03-17T08:47:21.519Z,31.9,37.824,43.065,32.305,31.117
2026-03-17T08:47:22.029Z,31.919,37.884,40.235,32.332,31.106
2026-03-17T08:47:22.539Z,31.919,37.884,40.235,32.332,31.106
2026-03-17T08:47:23.051Z,31.919,37.884,40.235,32.332,31.106
2026-03-17T08:47:23.561Z,31.919,37.884,40.235,32.332,31.106
2026-03-17T08:47:24.075Z,31.932,37.915,43.452,32.339,31.114
2026-03-17T08:47:24.587Z,31.932,37.915,43.452,32.339,31.114
2026-03-17T08:47:25.107Z,31.932,37.915,43.452,32.339,31.114
2026-03-17T08:47:25.615Z,31.932,37.915,43.452,32.339,31.114
2026-03-17T08:47:26.123Z,31.937,37.994,41.039,32.361,31.114
2026-03-17T08:47:26.7Z,31.937,37.994,41.039,32.361,31.114
2026-03-17T08:47:27.248Z,31.937,37.994,41.039,32.361,31.114
2026-03-17T08:47:27.762Z,31.937,37.994,41.039,32.361,31.114
2026-03-17T08:47:28.278Z,31.929,38.054,40.595,32.374,31.125
2026-03-17T08:47:28.787Z,31.929,38.054,40.595,32.374,31.125
2026-03-17T08:47:29.361Z,31.929,38.054,40.595,32.374,31.125
2026-03-17T08:47:29.911Z,31.913,38.114,40.99,32.398,31.117
2026-03-17T08:47:30.443Z,31.913,38.114,40.99,32.398,31.117
2026-03-17T08:47:31.039Z,31.913,38.114,40.99,32.398,31.117
2026-03-17T08:47:31.559Z,31.913,38.114,40.99,32.398,31.117
2026-03-17T08:47:32.068Z,31.908,38.156,40.198,32.403,31.117
2026-03-17T08:47:32.592Z,31.908,38.156,40.198,32.403,31.117
2026-03-17T08:47:33.201Z,31.908,38.156,40.198,32.403,31.117
2026-03-17T08:47:33.854Z,31.908,38.156,40.198,32.403,31.117
2026-03-17T08:47:34.361Z,31.884,38.224,39.676,32.413,31.122
2026-03-17T08:47:35.094Z,31.884,38.224,39.676,32.413,31.122
2026-03-17T08:47:35.674Z,31.884,38.224,39.676,32.413,31.122
2026-03-17T08:47:36.22Z,31.853,38.289,39.556,32.413,31.122
2026-03-17T08:47:36.798Z,31.853,38.289,39.556,32.413,31.122
2026-03-17T08:47:37.36Z,31.853,38.289,39.556,32.413,31.122
2026-03-17T08:47:37.933Z,31.853,38.289,39.556,32.413,31.122
2026-03-17T08:47:38.434Z,31.834,38.412,40.183,32.413,31.12
2026-03-17T08:47:39.025Z,31.834,38.412,40.183,32.413,31.12
2026-03-17T08:47:39.608Z,31.834,38.412,40.183,32.413,31.12
2026-03-17T08:47:40.151Z,31.839,38.448,41.54,32.435,31.109
2026-03-17T08:47:40.662Z,31.839,38.448,41.54,32.435,31.109
2026-03-17T08:47:41.182Z,31.839,38.448,41.54,32.435,31.109
2026-03-17T08:47:41.764Z,31.839,38.448,41.54,32.435,31.109
2026-03-17T08:47:42.308Z,31.805,38.532,40.517,32.442,31.109
2026-03-17T08:47:42.902Z,31.805,38.532,40.517,32.442,31.109
2026-03-17T08:47:43.5Z,31.805,38.532,40.517,32.442,31.109
2026-03-17T08:47:44.08Z,31.805,38.532,40.517,32.442,31.109
2026-03-17T08:47:44.657Z,31.808,38.594,40.627,32.445,31.141
2026-03-17T08:47:45.225Z,31.808,38.594,40.627,32.445,31.141
2026-03-17T08:47:45.785Z,31.808,38.594,40.627,32.445,31.141
2026-03-17T08:47:46.307Z,31.794,38.654,40.859,32.482,31.146
2026-03-17T08:47:46.874Z,31.794,38.654,40.859,32.482,31.146
2026-03-17T08:47:47.451Z,31.794,38.654,40.859,32.482,31.146
2026-03-17T08:47:47.979Z,31.794,38.654,40.859,32.482,31.146
2026-03-17T08:47:48.533Z,31.781,38.725,41.645,32.487,31.151
2026-03-17T08:47:49.137Z,31.781,38.725,41.645,32.487,31.151
2026-03-17T08:47:49.634Z,31.781,38.725,41.645,32.487,31.151
2026-03-17T08:47:50.242Z,31.779,38.793,40.645,32.506,31.167
2026-03-17T08:47:50.831Z,31.779,38.793,40.645,32.506,31.167
2026-03-17T08:47:51.338Z,31.779,38.793,40.645,32.506,31.167
2026-03-17T08:47:51.846Z,31.779,38.793,40.645,32.506,31.167
2026-03-17T08:47:52.353Z,31.781,38.853,40.488,32.516,31.172
2026-03-17T08:47:52.915Z,31.781,38.853,40.488,32.516,31.172
2026-03-17T08:47:53.465Z,31.781,38.853,40.488,32.516,31.172
2026-03-17T08:47:53.981Z,31.781,38.853,40.488,32.516,31.172
2026-03-17T08:47:54.495Z,31.763,38.895,41.52,32.548,31.191
2026-03-17T08:47:55.059Z,31.763,38.895,41.52,32.548,31.191
2026-03-17T08:47:55.645Z,31.763,38.895,41.52,32.548,31.191
2026-03-17T08:47:56.224Z,31.763,38.895,41.52,32.548,31.191
2026-03-17T08:47:56.74Z,31.752,38.968,40.522,32.543,31.175
2026-03-17T08:47:57.251Z,31.752,38.968,40.522,32.543,31.175
2026-03-17T08:47:57.764Z,31.752,38.968,40.522,32.543,31.175
2026-03-17T08:47:58.276Z,31.752,38.968,40.522,32.543,31.175
2026-03-17T08:47:58.789Z,31.76,39.012,40.702,32.572,31.154
2026-03-17T08:47:59.298Z,31.76,39.012,40.702,32.572,31.154
2026-03-17T08:47:59.81Z,31.76,39.012,40.702,32.572,31.154
2026-03-17T08:48:00.322Z,31.76,39.012,40.702,32.572,31.154
2026-03-17T08:48:00.836Z,31.758,39.07,41.217,32.569,31.135
2026-03-17T08:48:01.418Z,31.758,39.07,41.217,32.569,31.135
2026-03-17T08:48:01.964Z,31.758,39.07,41.217,32.569,31.135
2026-03-17T08:48:02.473Z,31.758,39.07,41.217,32.569,31.135
2026-03-17T08:48:03.069Z,31.763,39.13,41.757,32.58,31.151
2026-03-17T08:48:03.599Z,31.763,39.13,41.757,32.58,31.151
2026-03-17T08:48:04.114Z,31.763,39.13,41.757,32.58,31.151
2026-03-17T08:48:04.702Z,31.765,39.177,42.449,32.622,31.165
2026-03-17T08:48:05.241Z,31.765,39.177,42.449,32.622,31.165
2026-03-17T08:48:05.748Z,31.765,39.177,42.449,32.622,31.165
2026-03-17T08:48:06.308Z,31.765,39.177,42.449,32.622,31.165
2026-03-17T08:48:06.876Z,31.752,39.242,41.54,32.627,31.157
2026-03-17T08:48:07.389Z,31.752,39.242,41.54,32.627,31.157
2026-03-17T08:48:07.902Z,31.752,39.242,41.54,32.627,31.157
2026-03-17T08:48:08.422Z,31.752,39.242,41.54,32.627,31.157
2026-03-17T08:48:08.924Z,31.771,39.286,41.527,32.649,31.143
2026-03-17T08:48:09.513Z,31.771,39.286,41.527,32.649,31.143
2026-03-17T08:48:10.053Z,31.771,39.286,41.527,32.649,31.143
2026-03-17T08:48:10.643Z,31.771,39.286,41.527,32.649,31.143
2026-03-17T08:48:11.179Z,31.75,39.352,41.658,32.675,31.146
2026-03-17T08:48:11.69Z,31.75,39.352,41.658,32.675,31.146
2026-03-17T08:48:12.2Z,31.75,39.352,41.658,32.675,31.146
2026-03-17T08:48:12.779Z,31.75,39.396,41.995,32.701,31.128
2026-03-17T08:48:13.325Z,31.75,39.396,41.995,32.701,31.128
2026-03-17T08:48:13.839Z,31.75,39.396,41.995,32.701,31.128
2026-03-17T08:48:14.352Z,31.75,39.396,41.995,32.701,31.128
2026-03-17T08:48:14.864Z,31.752,39.453,41.945,32.704,31.13
2026-03-17T08:48:15.379Z,31.752,39.453,41.945,32.704,31.13
2026-03-17T08:48:15.897Z,31.752,39.453,41.945,32.704,31.13
2026-03-17T08:48:16.401Z,31.752,39.453,41.945,32.704,31.13
2026-03-17T08:48:16.99Z,31.742,39.508,42.608,32.72,31.175
2026-03-17T08:48:17.529Z,31.742,39.508,42.608,32.72,31.175
2026-03-17T08:48:18.041Z,31.742,39.508,42.608,32.72,31.175
2026-03-17T08:48:18.548Z,31.742,39.508,42.608,32.72,31.175
2026-03-17T08:48:19.061Z,31.75,39.571,42.057,32.744,31.159
2026-03-17T08:48:19.575Z,31.75,39.571,42.057,32.744,31.159
2026-03-17T08:48:20.086Z,31.75,39.571,42.057,32.744,31.159
2026-03-17T08:48:20.599Z,31.75,39.571,42.057,32.744,31.159
2026-03-17T08:48:21.111Z,31.763,39.636,41.924,32.778,31.167
2026-03-17T08:48:21.622Z,31.763,39.636,41.924,32.778,31.167
2026-03-17T08:48:22.134Z,31.763,39.636,41.924,32.778,31.167
2026-03-17T08:48:22.651Z,31.763,39.636,41.924,32.778,31.167
2026-03-17T08:48:23.164Z,31.755,39.709,40.919,32.778,31.165
2026-03-17T08:48:23.674Z,31.755,39.709,40.919,32.778,31.165
2026-03-17T08:48:24.183Z,31.755,39.709,40.919,32.778,31.165
2026-03-17T08:48:24.696Z,31.755,39.709,40.919,32.778,31.165
2026-03-17T08:48:25.206Z,31.742,39.741,41.922,32.796,31.165
2026-03-17T08:48:25.768Z,31.742,39.741,41.922,32.796,31.165
2026-03-17T08:48:26.332Z,31.742,39.741,41.922,32.796,31.165
2026-03-17T08:48:26.849Z,31.742,39.741,41.922,32.796,31.165
2026-03-17T08:48:27.36Z,31.763,39.782,41.522,32.804,31.149
2026-03-17T08:48:27.878Z,31.763,39.782,41.522,32.804,31.149
2026-03-17T08:48:28.402Z,31.763,39.782,41.522,32.804,31.149
2026-03-17T08:48:28.921Z,31.763,39.782,41.522,32.804,31.149
2026-03-17T08:48:29.426Z,31.752,39.848,41.449,32.81,31.122
2026-03-17T08:48:29.991Z,31.752,39.848,41.449,32.81,31.122
2026-03-17T08:48:30.555Z,31.752,39.848,41.449,32.81,31.122
2026-03-17T08:48:31.146Z,31.76,39.902,41.708,32.82,31.112
2026-03-17T08:48:31.656Z,31.76,39.902,41.708,32.82,31.112
2026-03-17T08:48:32.17Z,31.76,39.902,41.708,32.82,31.112
2026-03-17T08:48:32.679Z,31.76,39.902,41.708,32.82,31.112
2026-03-17T08:48:33.269Z,31.755,39.952,40.851,32.836,31.146
2026-03-17T08:48:33.81Z,31.755,39.952,40.851,32.836,31.146
2026-03-17T08:48:34.319Z,31.755,39.952,40.851,32.836,31.146
2026-03-17T08:48:34.832Z,31.755,39.952,40.851,32.836,31.146
2026-03-17T08:48:35.344Z,31.773,39.991,41.117,32.849,31.165
2026-03-17T08:48:35.859Z,31.773,39.991,41.117,32.849,31.165
2026-03-17T08:48:36.369Z,31.773,39.991,41.117,32.849,31.165
2026-03-17T08:48:36.883Z,31.773,39.991,41.117,32.849,31.165
2026-03-17T08:48:37.394Z,31.76,40.03,40.817,32.847,31.162
2026-03-17T08:48:37.903Z,31.76,40.03,40.817,32.847,31.162
2026-03-17T08:48:38.418Z,31.76,40.03,40.817,32.847,31.162
2026-03-17T08:48:38.928Z,31.76,40.03,40.817,32.847,31.162
2026-03-17T08:48:39.44Z,31.765,40.067,41.358,32.865,31.167
2026-03-17T08:48:39.952Z,31.765,40.067,41.358,32.865,31.167
2026-03-17T08:48:40.462Z,31.765,40.067,41.358,32.865,31.167
2026-03-17T08:48:40.977Z,31.765,40.067,41.358,32.865,31.167
2026-03-17T08:48:41.478Z,31.755,40.124,41.222,32.873,31.157
2026-03-17T08:48:42.002Z,31.755,40.124,41.222,32.873,31.157
2026-03-17T08:48:42.537Z,31.755,40.124,41.222,32.873,31.157
2026-03-17T08:48:43.044Z,31.755,40.124,41.222,32.873,31.157
2026-03-17T08:48:43.548Z,31.752,40.161,42.104,32.899,31.135
2026-03-17T08:48:44.066Z,31.752,40.161,42.104,32.899,31.135
2026-03-17T08:48:44.663Z,31.752,40.161,42.104,32.899,31.135
2026-03-17T08:48:45.227Z,31.752,40.161,42.104,32.899,31.135
2026-03-17T08:48:45.798Z,31.765,40.211,42.715,32.921,31.128
2026-03-17T08:48:46.31Z,31.765,40.211,42.715,32.921,31.128
2026-03-17T08:48:46.814Z,31.765,40.211,42.715,32.921,31.128
2026-03-17T08:48:47.328Z,31.765,40.211,42.715,32.921,31.128
2026-03-17T08:48:47.839Z,31.771,40.26,43.313,32.934,31.146
2026-03-17T08:48:48.424Z,31.771,40.26,43.313,32.934,31.146
2026-03-17T08:48:48.969Z,31.771,40.26,43.313,32.934,31.146
2026-03-17T08:48:49.479Z,31.76,40.318,44.543,32.958,31.151
2026-03-17T08:48:49.995Z,31.76,40.318,44.543,32.958,31.151
2026-03-17T08:48:50.506Z,31.76,40.318,44.543,32.958,31.151
2026-03-17T08:48:51.014Z,31.76,40.318,44.543,32.958,31.151
2026-03-17T08:48:51.522Z,31.776,40.388,44.144,32.984,31.135
2026-03-17T08:48:52.035Z,31.776,40.388,44.144,32.984,31.135
2026-03-17T08:48:52.627Z,31.776,40.388,44.144,32.984,31.135
2026-03-17T08:48:53.166Z,31.776,40.388,44.144,32.984,31.135
2026-03-17T08:48:53.674Z,31.787,40.427,43.097,33.018,31.133
2026-03-17T08:48:54.188Z,31.787,40.427,43.097,33.018,31.133
2026-03-17T08:48:54.698Z,31.787,40.427,43.097,33.018,31.133
2026-03-17T08:48:55.212Z,31.787,40.427,43.097,33.018,31.133
2026-03-17T08:48:55.724Z,31.789,40.511,42.535,33.037,31.149
2026-03-17T08:48:56.235Z,31.789,40.511,42.535,33.037,31.149
2026-03-17T08:48:56.749Z,31.789,40.511,42.535,33.037,31.149
2026-03-17T08:48:57.256Z,31.789,40.511,42.535,33.037,31.149
2026-03-17T08:48:57.769Z,31.789,40.532,43.073,33.053,31.135
2026-03-17T08:48:58.281Z,31.789,40.532,43.073,33.053,31.135
2026-03-17T08:48:58.794Z,31.789,40.532,43.073,33.053,31.135
2026-03-17T08:48:59.31Z,31.789,40.532,43.073,33.053,31.135
2026-03-17T08:48:59.823Z,31.787,40.576,43.293,33.071,31.13
2026-03-17T08:49:00.331Z,31.787,40.576,43.293,33.071,31.13
2026-03-17T08:49:00.893Z,31.787,40.576,43.293,33.071,31.13
2026-03-17T08:49:01.457Z,31.787,40.576,43.293,33.071,31.13
2026-03-17T08:49:02.022Z,31.797,40.631,43.084,33.082,31.122
2026-03-17T08:49:02.587Z,31.797,40.631,43.084,33.082,31.122
2026-03-17T08:49:03.097Z,31.797,40.631,43.084,33.082,31.122
2026-03-17T08:49:03.606Z,31.797,40.631,43.084,33.082,31.122
2026-03-17T08:49:04.116Z,31.789,40.668,43.381,33.108,31.13
2026-03-17T08:49:04.633Z,31.789,40.668,43.381,33.108,31.13
2026-03-17T08:49:05.14Z,31.789,40.668,43.381,33.108,31.13
2026-03-17T08:49:05.732Z,31.797,40.704,42.611,33.127,31.154
2026-03-17T08:49:06.27Z,31.797,40.704,42.611,33.127,31.154
2026-03-17T08:49:06.781Z,31.797,40.704,42.611,33.127,31.154
2026-03-17T08:49:07.292Z,31.797,40.704,42.611,33.127,31.154
2026-03-17T08:49:07.805Z,31.789,40.751,42.198,33.153,31.151
2026-03-17T08:49:08.319Z,31.789,40.751,42.198,33.153,31.151
2026-03-17T08:49:08.829Z,31.789,40.751,42.198,33.153,31.151
2026-03-17T08:49:09.34Z,31.789,40.751,42.198,33.153,31.151
2026-03-17T08:49:09.854Z,31.808,40.793,42.282,33.153,31.175
2026-03-17T08:49:10.367Z,31.808,40.793,42.282,33.153,31.175
2026-03-17T08:49:10.875Z,31.808,40.793,42.282,33.153,31.175
2026-03-17T08:49:11.388Z,31.808,40.793,42.282,33.153,31.175
2026-03-17T08:49:11.899Z,31.802,40.837,42.047,33.169,31.17
2026-03-17T08:49:12.489Z,31.802,40.837,42.047,33.169,31.17
2026-03-17T08:49:13.055Z,31.802,40.837,42.047,33.169,31.17
2026-03-17T08:49:13.641Z,31.802,40.837,42.047,33.169,31.17
2026-03-17T08:49:14.155Z,31.821,40.866,42.838,33.177,31.162
2026-03-17T08:49:14.667Z,31.821,40.866,42.838,33.177,31.162
2026-03-17T08:49:15.231Z,31.821,40.866,42.838,33.177,31.162
2026-03-17T08:49:15.792Z,31.821,40.866,42.838,33.177,31.162
2026-03-17T08:49:16.305Z,31.816,40.9,43.52,33.18,31.138
2026-03-17T08:49:16.813Z,31.816,40.9,43.52,33.18,31.138
2026-03-17T08:49:17.326Z,31.816,40.9,43.52,33.18,31.138
2026-03-17T08:49:17.887Z,31.816,40.9,43.52,33.18,31.138
2026-03-17T08:49:18.456Z,31.818,40.968,44.206,33.198,31.12
2026-03-17T08:49:18.97Z,31.818,40.968,44.206,33.198,31.12
2026-03-17T08:49:19.479Z,31.818,40.968,44.206,33.198,31.12
2026-03-17T08:49:19.991Z,31.834,41.007,44.697,33.222,31.12
2026-03-17T08:49:20.502Z,31.834,41.007,44.697,33.222,31.12
2026-03-17T08:49:21.016Z,31.834,41.007,44.697,33.222,31.12
2026-03-17T08:49:21.528Z,31.834,41.007,44.697,33.222,31.12
2026-03-17T08:49:22.04Z,31.839,41.132,44.943,33.261,31.122
2026-03-17T08:49:22.55Z,31.839,41.132,44.943,33.261,31.122
2026-03-17T08:49:23.063Z,31.839,41.132,44.943,33.261,31.122
2026-03-17T08:49:23.629Z,31.839,41.132,44.943,33.261,31.122
2026-03-17T08:49:24.187Z,31.839,41.171,44.682,33.264,31.125
2026-03-17T08:49:24.701Z,31.839,41.171,44.682,33.264,31.125
2026-03-17T08:49:25.217Z,31.839,41.171,44.682,33.264,31.125
2026-03-17T08:49:25.728Z,31.839,41.171,44.682,33.264,31.125
2026-03-17T08:49:26.238Z,31.847,41.239,45.598,33.301,31.133
2026-03-17T08:49:26.751Z,31.847,41.239,45.598,33.301,31.133
2026-03-17T08:49:27.262Z,31.847,41.239,45.598,33.301,31.133
2026-03-17T08:49:27.775Z,31.847,41.239,45.598,33.301,31.133
2026-03-17T08:49:28.29Z,31.855,41.305,45.838,33.364,31.143
2026-03-17T08:49:28.873Z,31.855,41.305,45.838,33.364,31.143
2026-03-17T08:49:29.411Z,31.855,41.305,45.838,33.364,31.143
2026-03-17T08:49:29.934Z,31.855,41.305,45.838,33.364,31.143
2026-03-17T08:49:30.534Z,31.861,41.362,44.958,33.375,31.135
2026-03-17T08:49:31.049Z,31.861,41.362,44.958,33.375,31.135
2026-03-17T08:49:31.582Z,31.861,41.362,44.958,33.375,31.135
2026-03-17T08:49:32.17Z,31.861,41.362,44.958,33.375,31.135
2026-03-17T08:49:32.694Z,31.868,41.399,45.298,33.391,31.154
2026-03-17T08:49:33.201Z,31.868,41.399,45.298,33.391,31.154
2026-03-17T08:49:33.713Z,31.868,41.399,45.298,33.391,31.154
2026-03-17T08:49:34.223Z,31.868,41.399,45.298,33.391,31.154
2026-03-17T08:49:34.738Z,31.866,41.448,44.595,33.417,31.157
2026-03-17T08:49:35.25Z,31.866,41.448,44.595,33.417,31.157
2026-03-17T08:49:35.764Z,31.866,41.448,44.595,33.417,31.157
2026-03-17T08:49:36.278Z,31.866,41.448,44.595,33.417,31.157
2026-03-17T08:49:36.788Z,31.868,41.5,44.619,33.425,31.125
2026-03-17T08:49:37.294Z,31.868,41.5,44.619,33.425,31.125
2026-03-17T08:49:37.808Z,31.868,41.5,44.619,33.425,31.125
2026-03-17T08:49:38.321Z,31.868,41.5,44.619,33.425,31.125
2026-03-17T08:49:38.834Z,31.874,41.555,45.186,33.433,31.122
2026-03-17T08:49:39.35Z,31.874,41.555,45.186,33.433,31.122
2026-03-17T08:49:39.868Z,31.874,41.555,45.186,33.433,31.122
2026-03-17T08:49:40.466Z,31.876,41.6,44.945,33.43,31.135
2026-03-17T08:49:41.062Z,31.876,41.6,44.945,33.43,31.135
2026-03-17T08:49:41.621Z,31.876,41.6,44.945,33.43,31.135
2026-03-17T08:49:42.131Z,31.876,41.6,44.945,33.43,31.135
2026-03-17T08:49:42.648Z,31.884,41.66,44.481,33.449,31.149
2026-03-17T08:49:43.238Z,31.884,41.66,44.481,33.449,31.149
2026-03-17T08:49:43.813Z,31.884,41.66,44.481,33.449,31.149
2026-03-17T08:49:44.368Z,31.884,41.66,44.481,33.449,31.149
2026-03-17T08:49:44.875Z,31.882,41.712,45.282,33.491,31.141
2026-03-17T08:49:45.384Z,31.882,41.712,45.282,33.491,31.141
2026-03-17T08:49:45.898Z,31.882,41.712,45.282,33.491,31.141
2026-03-17T08:49:46.413Z,31.882,41.712,45.282,33.491,31.141
2026-03-17T08:49:46.925Z,31.884,41.756,46.575,33.483,31.143
2026-03-17T08:49:47.434Z,31.884,41.756,46.575,33.483,31.143
2026-03-17T08:49:47.947Z,31.884,41.756,46.575,33.483,31.143
2026-03-17T08:49:48.458Z,31.884,41.756,46.575,33.483,31.143
2026-03-17T08:49:48.969Z,31.879,41.806,44.379,33.507,31.159
2026-03-17T08:49:49.538Z,31.879,41.806,44.379,33.507,31.159
2026-03-17T08:49:50.096Z,31.879,41.806,44.379,33.507,31.159
2026-03-17T08:49:50.61Z,31.903,41.85,45.136,33.52,31.162
2026-03-17T08:49:51.123Z,31.903,41.85,45.136,33.52,31.162
2026-03-17T08:49:51.633Z,31.903,41.85,45.136,33.52,31.162
2026-03-17T08:49:52.144Z,31.903,41.85,45.136,33.52,31.162
2026-03-17T08:49:52.659Z,31.903,41.866,45.585,33.523,31.141
2026-03-17T08:49:53.17Z,31.903,41.866,45.585,33.523,31.141
2026-03-17T08:49:53.681Z,31.903,41.866,45.585,33.523,31.141
2026-03-17T08:49:54.199Z,31.903,41.866,45.585,33.523,31.141
2026-03-17T08:49:54.707Z,31.892,41.918,45.549,33.536,31.133
2026-03-17T08:49:55.218Z,31.892,41.918,45.549,33.536,31.133
2026-03-17T08:49:55.73Z,31.892,41.918,45.549,33.536,31.133
2026-03-17T08:49:56.24Z,31.892,41.918,45.549,33.536,31.133
2026-03-17T08:49:56.799Z,31.916,41.96,45.248,33.57,31.128
2026-03-17T08:49:57.366Z,31.916,41.96,45.248,33.57,31.128
2026-03-17T08:49:57.879Z,31.916,41.96,45.248,33.57,31.128
2026-03-17T08:49:58.393Z,31.916,41.96,45.248,33.57,31.128
2026-03-17T08:49:58.902Z,31.908,42.01,45.462,33.594,31.165
2026-03-17T08:49:59.416Z,31.908,42.01,45.462,33.594,31.165
2026-03-17T08:49:59.929Z,31.908,42.01,45.462,33.594,31.165
2026-03-17T08:50:00.44Z,31.908,42.01,45.462,33.594,31.165
2026-03-17T08:50:00.953Z,31.908,42.07,46.69,33.615,31.162
2026-03-17T08:50:01.467Z,31.908,42.07,46.69,33.615,31.162
2026-03-17T08:50:01.976Z,31.908,42.07,46.69,33.615,31.162
2026-03-17T08:50:02.538Z,31.908,42.07,46.69,33.615,31.162
2026-03-17T08:50:03.098Z,31.927,42.109,45.28,33.626,31.157
2026-03-17T08:50:03.612Z,31.927,42.109,45.28,33.626,31.157
2026-03-17T08:50:04.127Z,31.927,42.109,45.28,33.626,31.157
2026-03-17T08:50:04.638Z,31.927,42.109,45.28,33.626,31.157
2026-03-17T08:50:05.15Z,31.924,42.158,44.46,33.647,31.143
2026-03-17T08:50:05.661Z,31.924,42.158,44.46,33.647,31.143
2026-03-17T08:50:06.174Z,31.924,42.158,44.46,33.647,31.143
2026-03-17T08:50:06.687Z,31.924,42.158,44.46,33.647,31.143
2026-03-17T08:50:07.2Z,31.942,42.219,45.005,33.674,31.125
2026-03-17T08:50:07.709Z,31.942,42.219,45.005,33.674,31.125
2026-03-17T08:50:08.225Z,31.942,42.219,45.005,33.674,31.125
2026-03-17T08:50:08.738Z,31.942,42.219,45.005,33.674,31.125
2026-03-17T08:50:09.246Z,31.919,42.255,45.679,33.7,31.125
2026-03-17T08:50:09.759Z,31.919,42.255,45.679,33.7,31.125
2026-03-17T08:50:10.273Z,31.919,42.255,45.679,33.7,31.125
2026-03-17T08:50:10.808Z,31.919,42.255,45.679,33.7,31.125
2026-03-17T08:50:11.321Z,31.929,42.318,45.575,33.708,31.122
2026-03-17T08:50:11.823Z,31.929,42.318,45.575,33.708,31.122
2026-03-17T08:50:12.33Z,31.929,42.318,45.575,33.708,31.122
2026-03-17T08:50:12.852Z,31.929,42.318,45.575,33.708,31.122
2026-03-17T08:50:13.362Z,31.948,42.362,47.123,33.726,31.091
2026-03-17T08:50:13.958Z,31.948,42.362,47.123,33.726,31.091
2026-03-17T08:50:14.544Z,31.948,42.362,47.123,33.726,31.091
2026-03-17T08:50:15.082Z,31.937,42.391,47.846,33.745,31.104
2026-03-17T08:50:15.644Z,31.937,42.391,47.846,33.745,31.104