water_ratio,power,cook_time,soak_time,initial_temp,rice_type,doneness
1.3745401188473625,680,25,11,32,basmati,44.714325897289136
1.9507143064099162,759,37,10,31,brown,73.81796625479731
1.731993941811405,306,26,6,20,brown,27.65523626868811
1.5986584841970366,328,17,3,20,brown,15.564913847982417
1.1560186404424364,694,17,18,32,brown,30.919141474130235
1.1559945203362028,332,34,0,23,white,27.756213398382442
1.0580836121681996,433,18,27,26,brown,24.995443698215233
1.866176145774935,666,11,23,20,brown,42.90742114752905
1.6011150117432087,378,24,28,28,basmati,49.62006656685184
1.7080725777960455,715,27,2,23,basmati,53.46851267807135
1.0205844942958024,734,12,12,22,white,23.69703443708081
1.9699098521619942,758,26,14,20,basmati,68.50034479890454
1.8324426408004217,357,13,1,29,brown,26.04007477572076
1.2123391106782762,770,39,10,23,basmati,57.97770602697508
1.1818249672071006,325,13,3,28,white,16.695553965430786
1.1834045098534338,781,23,18,32,basmati,43.86450405463094
1.3042422429595377,729,18,28,33,basmati,44.184118450456126
1.524756431632238,525,18,16,29,white,41.16857085730255
1.4319450186421157,584,34,2,25,white,47.536131126725756
1.291229140198042,303,35,27,25,brown,33.440138943762015
1.6118528947223796,764,32,17,20,basmati,71.70353677567232
1.139493860652042,398,39,7,29,brown,27.22768315646929
1.2921446485352182,696,27,21,21,basmati,53.41484061602896
1.3663618432936917,788,19,24,30,basmati,49.92366345081922
1.456069984217036,338,30,23,25,brown,37.34373034580684
1.7851759613930136,570,13,25,21,basmati,48.77614642750185
1.1996737821583596,674,21,18,22,basmati,37.412965523893774
1.5142344384136117,584,36,4,23,basmati,49.55579357410915
1.5924145688620426,456,17,6,30,white,32.53136173622735
1.0464504127199978,374,11,20,24,brown,14.328180848124076
1.6075448519014384,671,31,7,34,white,56.03323203259978
1.1705241236872914,587,22,27,28,brown,34.221550055547
1.0650515929852795,429,30,4,31,brown,21.25847238617579
1.9488855372533331,474,25,16,34,basmati,55.48661505355733
1.9656320330745594,761,37,4,34,brown,71.74938515779803
1.8083973481164612,383,11,3,23,white,34.7492507804282
1.3046137691733706,321,20,21,32,white,31.612724258385597
1.0976721140063839,758,19,18,30,white,37.80067929675421
1.6842330265121568,326,24,26,28,brown,41.13327333798185
1.4401524937396013,494,26,20,30,white,47.669028856998075
1.1220382348447788,636,17,1,29,brown,13.07113637274954
1.4951769101112702,681,27,10,22,white,55.04265507200595
1.0343885211152184,535,32,21,27,white,48.36287280257018
1.909320402078782,739,18,12,31,brown,50.468904672631815
1.258779981600017,391,34,14,20,white,38.70706825908969
1.662522284353982,776,17,11,30,basmati,44.807895568566174
1.311711076089411,320,36,21,28,brown,32.667504278780505
1.5200680211778108,602,23,20,28,brown,41.6191509786873
1.5467102793432796,763,37,21,29,brown,68.19348674118758
1.1848544555255272,656,35,10,21,basmati,51.20989258430101
1.9695846277645586,742,34,6,23,brown,67.7126824104169
1.7751328233611146,383,27,27,32,white,59.46019711100771
1.9394989415641892,561,31,4,27,white,62.463398413010104
1.894827350427649,446,29,16,26,white,61.58466345237175
1.597899978811085,740,39,23,20,brown,76.95128233034882
1.9218742350231168,752,29,19,24,white,77.66605260761649
1.0884925020519196,686,30,8,26,brown,35.190841081282365
1.1959828624191453,556,21,13,34,white,33.42693767962849
1.045227288910538,357,28,25,23,basmati,30.63931598812748
1.3253303307632645,679,23,11,34,basmati,39.861150194248175
1.3886772896894821,721,26,5,34,basmati,43.37466634022152
1.2713490317738958,314,33,16,20,basmati,32.46686469949871
1.8287375091519293,461,30,18,28,brown,53.10830091409845
1.3567533266935894,744,12,18,33,white,37.44761054011629
1.2809345096873808,462,35,25,24,basmati,49.416165724806646
1.5426960831582486,619,39,15,30,brown,57.64385438082055
1.1409242249747626,796,32,11,21,basmati,57.55459008611365
1.8021969807540397,580,16,11,27,basmati,40.97655990764338
1.0745506436797707,579,26,19,30,brown,30.340601129169357
1.9868869366005173,311,21,5,32,brown,36.08948873241263
1.7722447692966574,573,18,22,21,white,55.46687111466954
1.1987156815341724,570,24,25,22,white,48.93133681309303
1.0055221171236024,791,27,3,33,basmati,35.13362191202006
1.8154614284548343,507,30,5,29,basmati,48.78465783467843
1.7068573438476171,326,22,10,20,white,39.0041687487243
1.7290071680409873,371,39,0,30,white,45.65581026780141
1.7712703466859456,359,30,29,21,brown,51.14914326505326
1.0740446517340905,729,39,23,33,white,67.88748687264753
1.3584657285442727,772,17,22,26,white,47.23783711095219
1.1158690595251297,444,23,14,29,basmati,25.717722345459194
1.8631034258755936,392,17,26,21,white,53.141357474443225
1.623298126827558,608,23,10,25,basmati,46.609446323366136
1.3308980248526492,307,16,24,34,white,36.76815549330363
1.0635583502860237,378,32,18,22,brown,24.061887905096537
1.3109823217156622,326,21,17,23,white,31.361854206906912
1.325183322026747,473,20,16,30,white,37.615579181058344
1.729606178338064,349,31,18,34,white,55.71538526058298
1.6375574713552132,799,31,20,32,basmati,74.54412611874537
1.8872127425763265,498,20,13,27,brown,40.13392978541698
1.4722149251619494,686,34,26,33,white,75.19545818362872
1.1195942459383017,648,31,17,22,basmati,45.52869031542671
1.713244787222995,747,37,27,29,brown,78.68032479882018
1.7607850486168974,727,38,18,25,basmati,79.97035865442957
1.5612771975694963,480,22,14,20,basmati,38.95439219199207
1.770967179954561,323,27,14,26,brown,40.13525393229798
1.4937955963643907,615,11,3,27,white,31.41553477071772
1.5227328293819942,677,38,6,30,basmati,63.092614082887636
1.4275410183585495,686,30,12,33,basmati,48.627643249860235
1.025419126744095,703,24,2,27,white,31.31237678983633
1.1078914269933045,345,29,15,22,white,27.14852267051537
1.0314291856867341,314,36,8,33,brown,14.673351435592107
1.6364104112637805,452,27,7,29,brown,30.466650030205923
1.3143559810763268,521,24,19,20,brown,35.30906174444906
1.5085706911647028,505,28,12,28,white,48.75072923674444
1.9075664739260931,754,32,16,32,basmati,74.90914717549121
1.249292229148875,572,33,16,25,basmati,45.118872875073585
1.4103829230356297,681,21,16,30,brown,39.0390171861992
1.7555511385430487,535,22,0,28,white,41.21487001425947
1.2287981654916225,639,31,7,26,basmati,39.377072692616586
1.0769799098287929,527,20,18,20,brown,20.705666683764758
1.2897514529137681,308,14,5,31,basmati,14.062600320152008
1.1612212872540044,465,38,2,31,basmati,31.097994098230387
1.929697652342573,731,10,26,20,white,57.70591513162283
1.808120379564417,743,33,4,25,white,71.25294447512945
1.6334037565104236,618,12,12,24,basmati,37.04519863341982
1.8714605901877177,513,31,14,28,brown,56.60929439721683
1.8036720768991144,416,28,13,21,white,53.55052187899192
1.1865700588860357,685,32,28,27,basmati,59.19518188178278
1.8925589984899778,643,38,22,30,white,85.38305344441609
1.5393422419156506,371,39,15,24,white,48.53999179589414
1.8074401551640626,694,16,17,21,white,54.59664205733864
1.8960912999234933,363,21,21,32,basmati,48.84346139449616
1.3180034749718639,504,24,28,29,brown,38.978818098687505
1.1100519245276768,508,34,21,30,brown,38.04244693190896
1.2279351625419417,371,14,10,30,brown,12.19110375184189
1.4271077886262562,576,24,2,31,white,36.43795801598035
1.8180147659224932,573,17,21,25,basmati,50.689829780155804
1.8607305832563434,777,19,9,29,white,56.635980113665596
1.0069521305311908,619,35,9,27,brown,29.316778287857534
1.5107473025775657,637,25,29,23,brown,50.47668505759309
1.417411003148779,665,17,20,21,basmati,41.23883230906302
1.2221078104707304,794,10,15,31,white,32.96283987681358
1.119865367333683,394,21,11,30,brown,10.69177546320632
1.337615171403628,465,14,1,24,basmati,15.309350057561819
1.9429097039125192,331,12,8,34,white,41.39323115221139
1.3232029320207552,310,10,23,31,white,32.492098366767216
1.5187906217433662,600,13,2,21,brown,19.62522650378372
1.7030189588951778,516,17,23,21,brown,40.83528863287358
1.363629602379294,588,12,29,34,white,45.54975838334627
1.9717820827209607,401,19,24,25,white,60.49843023261519
1.9624472949421112,724,11,29,30,brown,54.40426311574096
1.2517822958253642,691,20,14,29,white,40.48347880326289
1.4972485058923855,566,34,2,28,brown,42.36545934833897
1.3008783098167696,513,19,18,32,white,34.52933805249666
1.2848404943774676,478,30,17,23,brown,37.666041133595996
1.0368869473545328,387,23,7,25,basmati,16.27838609991796
1.6095643339798968,340,16,25,26,brown,35.118410232389344
1.5026790232288616,700,36,16,32,brown,58.64056205218978
1.0514787512499892,375,36,7,30,basmati,21.386699925883136
1.2786464642366115,676,11,6,25,white,25.588874019211367
1.9082658859666537,345,18,29,27,basmati,54.05013714936596
1.2395618906669723,459,25,6,23,brown,22.777578511132756
1.144894872091223,762,22,2,31,white,36.35376632518554
1.4894527602775631,379,18,0,34,basmati,22.205886809917775
1.9856504541106008,609,29,3,20,white,60.82158699684079
1.2420552715115005,385,13,24,26,white,33.90822221639182
1.6721355474058786,391,31,4,22,basmati,37.045824718645726
1.7616196153287176,447,19,0,33,white,39.81556661772739
1.2376375439923997,460,35,14,25,basmati,39.875452214801506
1.7282163486118596,501,35,4,21,brown,45.31065979041486
1.3677831327192531,723,31,12,28,white,60.50909039932973
1.6323058305935794,715,21,7,20,brown,42.132392527258304
1.6335297107608948,541,26,7,25,brown,40.022494669591644
1.5357746840747586,652,23,4,25,white,43.489905066779706
1.0902897700544083,301,23,27,24,basmati,29.820028487417925
1.835302495589238,524,34,8,32,white,60.25262105105142
1.3207800649717358,588,11,0,24,brown,12.35665654764308
1.1865185103998543,532,30,3,20,brown,22.82474093759187
1.040775141554764,760,34,2,29,basmati,42.96774166442627
1.590892943188242,713,29,1,31,white,53.160265393445854
1.6775643618422824,716,20,7,24,brown,41.993106452356336
1.016587828927856,376,25,22,21,brown,24.263615048860064
1.512093058299281,415,28,8,26,brown,31.582880386901365
1.226495775197938,453,32,1,22,basmati,28.2279537046159
1.64517279040945,705,15,13,32,brown,38.17850656753953
1.1743664290049916,402,33,13,34,brown,29.6660755484274
1.690937738102466,493,28,3,23,white,47.054277447230675
1.3867353463005374,465,14,29,22,white,41.834732749666664
1.9367299887367344,658,35,5,22,brown,63.408078275184856
1.1375209441459933,389,13,10,23,brown,5.956939361229004
1.3410663510502585,473,24,2,24,white,33.259622811317485
1.113473521240589,421,38,7,20,basmati,29.889433640696158
1.9246936182785628,797,13,2,23,basmati,41.70915643147513
1.877339353380981,442,29,13,31,basmati,54.549709867263466
1.2579416277151556,781,19,27,31,basmati,46.54812470224087
1.659984046034179,405,33,12,30,basmati,47.77331189213038
1.8172222002012157,674,31,12,27,basmati,66.8412344010195
1.5552008115994624,727,12,1,29,basmati,27.728737071537736
1.5296505783560064,604,35,12,26,basmati,56.99593881144144
1.2418522909004517,659,14,28,28,white,42.381336753624716
1.0931027678058993,758,15,18,24,basmati,30.29905007997896
1.8972157579533269,616,30,26,32,basmati,70.09951709258652
1.9004180571633305,750,31,5,34,basmati,65.82732031085177
1.633101457273268,422,17,15,29,brown,29.17241850810973
1.3390297910487008,689,16,1,23,white,28.309667627647688
1.349209574612661,308,30,7,27,white,27.37712742268139
1.7259556788702395,561,19,16,28,white,51.93960323167373
1.897110259952577,372,15,22,32,basmati,50.04972916095695
1.8870864242651173,658,23,1,26,basmati,47.934015692186236
1.7798755458576239,522,13,9,33,brown,33.25549253535802
1.6420316461542876,715,37,27,26,white,86.77749752436141
1.0841399649950487,340,34,15,24,basmati,25.669075990517953
1.1616287140946138,669,22,5,23,white,32.134918577042505
1.8985541885270791,503,29,27,33,brown,63.13168944301749
1.60642905965959,563,26,1,29,brown,34.361172953237784
1.0091970516166295,627,32,1,20,brown,23.681208547576016
1.1014715428660322,477,16,25,29,white,32.235946190232504
1.6635017691080558,647,13,12,29,basmati,38.62749389680771
1.0050615838462187,617,38,23,26,basmati,50.7280210454103
1.1608080514174985,383,23,14,20,brown,14.244249532647167
1.5487337893665862,617,12,27,20,basmati,42.258001579602414
1.6918951976926933,410,33,1,24,brown,34.6605937471237
1.6519612595026005,550,14,6,32,white,37.06009580453563
1.22426930946056,682,25,2,28,brown,30.57100346872154
1.7121792213475358,306,35,7,25,white,44.989153004748495
1.2372490874968,758,32,22,22,brown,55.51589819585499
1.3253996981592677,383,29,13,32,basmati,35.232602232174266
1.7464914051180243,507,13,23,22,basmati,44.65333807690399
1.6496328990472147,687,33,29,26,brown,73.68798989802518
1.849223410494178,689,39,22,25,basmati,80.50478250708062
1.6576128923003433,613,33,26,28,basmati,66.38130373116738
1.5683086033354716,321,11,21,25,basmati,33.70272676196785
1.0936747678280925,709,39,28,24,white,73.39719191775976
1.3677158030594336,682,27,6,29,basmati,42.13545122499683
1.2652023676817254,302,28,20,26,white,34.41508813302964
1.2439896433790836,426,37,6,20,brown,32.63859599080582
1.9730105547524457,596,37,0,31,basmati,61.43250261277441
1.3930977246667604,487,28,16,26,basmati,42.3897959764372
1.8920465551771133,661,26,8,22,basmati,60.09425744866195
1.631138625997263,313,23,29,33,brown,40.50629437902592
1.7948113035416484,758,28,20,28,white,73.74999239117982
1.502637093105192,765,31,12,34,white,64.02718817107355
1.576903884626359,311,33,20,25,basmati,45.79881626819315
1.492517693818864,386,22,18,28,brown,34.0606935090239
1.1952429877980446,311,21,20,32,brown,20.98715248404336
1.7224521152615053,696,39,18,34,brown,75.721316955363
1.2807723624408558,324,35,24,24,brown,34.84654092398694
1.0243159664314538,600,15,24,26,brown,25.518900346469955
1.645472295907168,542,30,21,32,white,61.52612232924515
1.177110679407049,421,13,16,33,white,30.406140397725196
1.9404585843529143,446,28,22,23,white,68.37242683976915
1.9539285770025874,354,25,22,34,basmati,53.92102684970153
1.9148643902204485,537,22,29,26,brown,60.9643143505309
1.3701587002554443,655,13,9,32,basmati,29.87152934035371
1.0154566165288674,472,39,9,20,brown,32.133660261856505
1.9283185625877253,691,32,3,26,white,63.88800379111478
1.4281841483173143,520,26,7,27,basmati,37.79012753532506
1.9666548190436695,418,32,21,24,white,67.9896419720444
1.9636199770892528,608,10,19,21,brown,43.422749954552835
1.85300945546736,482,27,19,24,brown,51.91033319061388
1.2944488920695858,587,29,17,25,brown,40.951135707106545
1.3850977286019253,606,26,13,31,white,50.73307316374581
1.851136671516857,599,36,17,21,brown,66.29766207970619
1.3169220051562776,381,37,27,33,white,53.264943138360934
1.1694927466860925,753,36,13,25,basmati,59.13293937483988
1.5568012624583503,701,24,19,25,brown,50.188121440280995
1.936154774160781,510,20,20,20,brown,50.68852047251683
1.696029796674973,449,34,23,33,brown,57.25538302280865
1.570061170089365,336,37,14,20,basmati,42.63461048894587
1.0971764937707684,651,31,21,33,brown,39.871586416326295
1.6150072266991697,611,22,29,30,white,62.13476840304972
1.9900538501042633,660,10,3,29,white,43.59148618263859
1.140084015236524,358,26,12,22,brown,20.12132695264722
1.5183296523637368,430,15,26,33,brown,34.82104858566856
1.8773730719279556,711,13,22,29,basmati,54.08832297303019
1.7407686177542043,501,29,7,29,basmati,52.52967675778393
1.697015740995268,542,25,17,34,basmati,52.96921793291024
1.7024840839871094,334,24,11,31,brown,34.52129375641645
1.3594911512197552,744,36,22,22,basmati,67.92669955494581
1.2935918442644934,392,24,13,23,basmati,26.38019527109209
1.8093611554785136,737,15,1,21,white,39.67596049440488
1.8101133946791808,746,24,17,28,basmati,61.452307082689764
1.8670723185801037,506,23,23,29,white,57.05030853438061
1.9132405525564713,652,37,1,31,white,71.61974019082291
1.5113423988609378,690,20,10,30,basmati,40.646645138182514
1.5015162946871996,631,16,8,33,white,35.5349648980408
1.7982951789667752,604,18,11,26,brown,40.773586898336006
1.6499639307777652,649,35,16,26,brown,59.06021995647182
1.7019668772577035,512,25,14,34,basmati,49.01568152468207
1.795792669436101,458,14,24,25,brown,42.89878038834701
1.8900053418175662,741,34,16,34,white,80.73653556924175
1.3379951568515358,744,29,25,22,brown,54.888454971064036
1.375582952639944,323,38,28,25,basmati,47.473659501300915
1.093981939840869,703,19,25,34,basmati,35.63565972242624
1.578280140996174,592,27,17,33,white,57.555315830302156
1.035942273796742,303,12,21,31,basmati,13.828210801882578
1.4655980181324602,519,22,5,27,brown,28.49385255967285
1.5426446347075766,663,20,16,27,basmati,44.66017712080444
1.2865412521282844,681,26,22,30,white,52.006144348435264
1.5908332605690108,319,39,23,32,basmati,49.18966352805791
1.0305002499390494,743,39,17,28,brown,52.686093060256816
1.0373481887492144,451,31,7,34,white,32.581895481962
1.8226005606596583,349,22,8,20,brown,33.84768060147127
1.360190641411263,476,15,5,33,white,24.69203143248528
1.1270605126518847,734,26,4,20,basmati,38.42579317399158
1.5222432600548044,395,36,11,22,white,49.427653073391255
1.7699935530986108,404,22,24,22,white,54.43306020629351
1.215821027496843,719,28,28,29,basmati,53.095261188988246
1.6228904758190001,549,30,27,27,brown,55.37427088817842
1.085347464993768,416,28,10,34,basmati,24.37051787933823
1.0516817211686078,653,19,24,29,white,40.54241720518064
1.5313546315681479,527,12,0,20,basmati,23.056931022505218
1.5406351216101064,365,23,10,32,white,39.30761974613962
1.6374299014982066,634,35,18,21,basmati,62.385698754633985
1.7260913337226615,717,28,8,21,basmati,58.035516653855716
1.9758520794625345,719,14,26,22,brown,54.43308447326688
1.5163003483011952,561,38,1,32,white,59.05832316729105
1.322956472941246,594,14,11,25,brown,21.8428752404933
1.7951861947687036,725,29,3,20,white,61.68272495343691
1.2708322512620742,542,26,3,21,basmati,30.108573683916863
1.438971420705636,670,30,17,32,white,60.23728171987011
1.0784563813422658,485,19,14,34,brown,14.065549630228134
1.0253507434154576,545,14,18,32,brown,17.211513090249188
1.962648414677925,424,13,12,20,brown,35.99426721754519
1.8359801205122057,567,15,18,24,white,52.21397003580352
1.695974206093698,430,35,16,32,brown,46.561408704728954
1.4089529444142699,536,13,5,32,brown,15.574240094713192
1.1732943200708457,317,39,15,26,brown,28.925476400001187
1.1564370426710862,339,16,23,27,basmati,27.0759179965881
1.2502428981645952,320,16,11,29,basmati,19.69376193052889
1.5492266647061204,698,27,18,20,white,58.40365215266357
1.7145959227000622,524,12,4,26,white,36.0004859605976
1.6601973767177314,654,10,16,32,brown,28.533819121962058
1.2799338969459428,581,33,25,24,basmati,53.03228943612314
1.954865280663194,307,34,22,29,brown,53.75569627645247
1.7378969166957685,399,13,25,20,brown,39.576513496582756
1.5543540525114006,539,15,28,22,basmati,45.883344724197144
1.6117207462343521,777,18,0,26,basmati,40.48312706634132
1.41960006242779,386,31,27,29,basmati,48.247900829249296
1.2477309895011575,597,23,26,20,white,45.37787128072426
1.3559726786512616,727,37,24,26,white,73.92463993573986
1.757846110464369,313,21,23,24,brown,39.8581151977989
1.0143934886297559,633,37,22,20,white,56.5443252828933
1.1160726405069163,301,34,9,20,basmati,21.298809535898755
1.0460026420217527,674,29,14,33,basmati,38.352447308516325
1.04072880231897,592,33,22,20,white,55.55552065127692
1.8554605840110072,624,34,20,30,brown,66.02203278831276
1.7036578593800238,721,13,20,28,brown,45.921337537625725
1.4741738290873252,792,30,10,30,white,60.69867231116163
1.0978341606510016,340,39,12,32,brown,25.741689672226425
1.4916158751168322,617,33,4,22,brown,43.79092435887373
1.4734717707805656,615,21,0,34,brown,24.9643874452323
1.1732018699100153,680,19,23,32,basmati,37.73602174477784
1.433851649237973,410,39,11,24,basmati,43.63530788938465
1.3985047343973736,313,31,10,30,white,34.06467141622637
1.6158500980522166,530,37,16,29,basmati,58.4888447415116
1.6350936508676437,772,16,3,31,brown,27.996494179563783
1.0453040097720445,383,12,14,28,basmati,15.271030876902804
1.3746126146264712,429,32,24,25,white,54.29202497258981
1.6258599157142364,530,37,29,31,basmati,69.17566511581967
1.5031362585800876,625,23,8,28,brown,40.33621626010034
1.8564898411883224,444,33,20,27,brown,56.54017692798225
1.6586936316189451,678,19,19,27,white,57.695418208601076
1.1629344270814297,644,25,18,20,basmati,43.037668799760155
1.0705687474004297,327,25,18,32,basmati,18.217067866300766
1.6424192782063156,365,31,11,28,basmati,42.469456806250044
1.026511310541622,462,19,4,25,brown,6.046958753400661
1.5857755812734633,528,34,9,28,white,52.965709808635786
1.9402302414249575,560,22,16,22,basmati,53.7751512806412
1.575474177875879,748,15,4,31,brown,28.992066604441582
1.388169926206522,723,21,21,22,brown,44.059755341890046
1.6432882184423532,759,18,15,25,brown,44.4418894984501
1.4582528904915166,739,22,6,28,basmati,41.40000201317298
1.545616789315935,463,13,27,26,basmati,41.79481020818486
1.9414648087765252,600,33,8,33,basmati,65.15664449011544
1.3861026378007741,706,20,2,32,basmati,33.5912549163708
1.9611905638239142,602,29,14,22,basmati,60.71213294339265
1.9053506419560637,586,27,15,22,basmati,58.79220805854779
1.1957911347892964,694,35,17,21,basmati,55.45103188605594
1.0693613008751655,309,20,13,28,basmati,18.1593683511637
1.1007780013774267,494,34,2,32,basmati,26.240359860873216
1.0182218256515498,417,30,11,34,brown,19.995225084353137
1.0944429607559285,569,13,8,22,basmati,13.026177351138916
1.683006773416357,379,27,27,30,white,59.004957443142374
1.0711886484602289,757,10,6,24,brown,9.872343494647994
1.3189756302937612,392,36,8,33,basmati,32.12365123421492
1.8448753109694547,565,16,12,33,white,46.64071531494794
1.023271935735826,631,15,17,28,basmati,24.67580041954933
1.8144684825889357,649,24,4,27,white,57.271025526544385
1.2818547747734,660,27,12,21,white,45.850919681798494
1.1181648276216563,556,33,3,22,white,39.43757131693168
1.6967371653641505,432,20,1,21,white,35.52114363730608
1.6289428467798839,575,29,15,27,brown,50.1395338642836
1.8774720135270528,563,33,8,25,brown,55.868378044970484
1.7350710438038859,470,24,8,25,white,47.581154862809186
1.8034809303848487,759,25,5,31,basmati,52.247615632130284
1.2820345725713065,300,16,10,34,white,24.915869437703048
1.1774395437797227,612,30,21,28,brown,43.081742291458035
1.7506147516408583,363,19,23,27,basmati,46.120514517456705
1.8068347392672641,673,35,21,23,brown,70.57465689718758
1.9905051420006732,767,21,0,34,brown,46.22912623812321
1.4126176769114265,583,33,3,31,basmati,45.44584919233881
1.3720180857927833,420,23,12,23,white,38.05754825823975
1.7764129607419967,406,34,22,28,white,60.49651449926501
1.3408035402530178,720,14,12,20,white,38.699134626557154
1.9307573256035648,474,35,12,32,white,65.59103543948481
1.8584127518430118,784,30,1,21,basmati,63.13367692642018
1.4289940273750183,503,27,8,21,basmati,36.82097132105472
1.7508710677914974,464,14,23,32,basmati,44.43938014480162
1.7545428740846822,604,12,7,32,brown,32.748016603435914
1.1031238688359326,796,32,6,25,basmati,49.19694837730505
1.9025529066795666,419,35,3,34,white,56.880514240469864
1.505252372447857,343,14,17,23,brown,25.450298056001063
1.8264574661077417,611,33,2,32,white,63.42437234208293
1.3200496010306118,455,26,27,30,white,47.23126184659241
1.8955232284962005,666,28,5,29,basmati,59.26396296712252
1.389201678734163,506,28,11,32,basmati,38.78412249999004
1.0108376514802984,689,34,11,22,white,45.058194276235994
1.9053819764192637,407,30,20,22,white,59.13476168165238
1.0912866767861336,550,21,27,22,brown,30.213901270422024
1.3193136375904149,744,34,7,25,basmati,54.82396570876076
1.950061967050805,703,38,21,33,brown,78.76478673705574
1.950607146937556,669,18,21,27,brown,52.87285695044619
1.5734378881232862,633,10,0,30,brown,19.642090574377
1.6318372121697993,429,27,3,26,white,40.153218184609955
1.4484455219783197,756,30,20,33,brown,59.85002457390372
1.2932107716980645,592,13,27,23,brown,33.08503238191597
1.328664545369916,319,19,10,30,white,27.235071933011334
1.6725184560770385,581,34,2,31,basmati,52.80859989874487
1.75237452943768,584,16,12,23,basmati,43.345383413203834
1.7915790437258485,300,31,24,30,brown,45.99344722440961
1.789618142794554,418,32,16,29,white,59.86893760983479
1.0912061030486904,334,10,21,34,basmati,19.84041756754276
1.4944203047025815,497,26,21,30,brown,40.02705921205022
1.0575587600166443,784,33,9,30,brown,43.85010998989616
1.5495288823237354,544,38,20,33,white,66.94070424188037
1.441530501373377,358,38,11,30,brown,36.35881728400347
1.8877041827582999,624,11,14,21,basmati,42.25913302263821
1.3509150125520786,460,37,20,33,white,53.01761509884717
1.117067016427606,796,35,9,20,basmati,54.195963927050975
1.1429916820528359,478,20,13,28,basmati,27.26529981020801
1.7615106317174722,505,18,12,31,basmati,39.53525303873767
1.618218063316261,311,16,4,34,brown,17.76394842173937
1.1011226761227904,789,31,5,31,brown,38.54151094044322
1.0841068061149974,575,26,23,21,basmati,38.91740532276151
1.70096913145912,480,26,1,32,basmati,35.01935215518155
1.0727630063641935,541,11,21,27,white,29.901555027645962
1.8218600592903562,515,15,16,34,white,48.8189330995996
1.7062422271564963,550,23,3,28,brown,34.82964779975118
1.0813487806418998,598,15,13,23,brown,20.251021370029818
1.084837714085192,425,11,9,27,white,18.161586059303982
1.9866395785011755,781,10,2,28,basmati,38.44783362631543
1.3742707957561202,516,19,24,29,brown,35.189600613982634
1.3706421470668908,605,30,2,29,basmati,39.31400322991026
1.8127995672575026,584,14,14,24,white,51.12587570451881
1.9472485773838586,484,11,5,32,brown,30.657158705149183
1.986001063822871,338,31,16,33,brown,46.007622960777496
1.7533781852589416,522,25,11,26,white,49.27693080936816
1.3762595855309159,483,34,21,29,brown,47.55169875252883
1.0835007166986688,794,11,19,23,white,29.211986803654028
1.7771469159274367,726,19,23,20,brown,54.68170214088586
1.558404249735805,477,11,28,22,white,45.195559210918944
1.4242220092469764,706,25,10,24,brown,39.8010525980147
1.906354385094736,727,25,24,22,basmati,70.16595122287602
1.1111974823061512,593,28,3,31,basmati,32.7256175544635
1.4926251042908592,639,38,25,32,basmati,66.91030578419193
1.0113536447674192,450,16,27,30,brown,20.645510087764418
1.4686606419941262,683,31,25,26,brown,60.38058484101223
1.0563032756818374,425,21,5,31,basmati,13.090952018049812
1.118817916268072,600,33,0,28,basmati,36.02758930792246
1.1175262467771048,607,24,19,34,white,43.95277846851776
1.6492103021160636,635,17,22,31,white,54.032376724630645
1.7460448792654233,733,15,27,25,white,59.19088574860916
1.5833687650971595,533,37,15,32,basmati,54.71097952771332
1.962172548474542,679,36,14,29,basmati,78.00837268996108
1.3748705795237042,674,19,16,20,basmati,45.18849332994318
1.2857120862818607,307,12,7,26,white,19.90517937693361
1.8685991281894603,797,28,27,34,brown,70.32222979384147
1.2235958385194525,640,26,25,22,basmati,49.08217743588397
1.9632225394406113,428,16,11,24,brown,40.03555276746788
1.0121544746898163,563,30,26,29,brown,36.12173013216576
1.969878826707639,456,29,21,23,brown,55.44086403122933
1.0431599119505761,651,35,20,29,white,53.721513370287035
1.891143113698071,657,13,9,24,brown,36.71653616097255
1.5277011090863,304,23,26,24,basmati,40.50555801058116
1.9929647961193004,794,29,14,25,white,78.27857983799315
1.0737965647353989,385,31,29,33,basmati,35.60635980671734
1.5538542844013208,474,24,8,29,basmati,37.35325166171353
1.969302535619099,589,33,1,31,white,63.58738500295533
1.5230978441701488,492,17,4,29,basmati,27.10288199833553
1.6293986381352625,610,30,5,32,basmati,49.66184294708026
1.6957486889846172,418,24,6,32,white,39.455392375571904
1.4545410647677732,517,31,20,30,basmati,51.08524658157303
1.6275580800840634,726,29,24,25,brown,61.60205977873607
1.5843143119231002,757,37,0,27,basmati,62.412016120345186
1.901158010490989,713,23,22,27,brown,61.79644557175156
1.045446380341458,413,36,25,30,basmati,41.938768174359176
1.2809631895922302,765,38,6,28,white,64.06015432686775
1.9504114840765587,444,18,19,27,white,57.612552073266954
1.8902637838909162,325,17,24,32,basmati,47.09896182870317
1.455656752785713,435,35,29,30,white,59.8268977858827
1.6201325978015366,602,37,11,21,basmati,60.229414383888724
1.2773811829811326,531,35,15,33,white,52.88576034690249
1.1881211597237613,668,26,15,33,brown,37.76083825718838
1.4636984049399822,375,11,10,31,basmati,23.07509090467204
1.3533522280260528,774,34,20,29,brown,58.33587724513677
1.583656111850872,627,33,3,31,brown,47.215228500533286
1.0777346369649847,644,39,12,30,basmati,48.1521633901857
1.9743948076661666,601,12,6,34,brown,34.01640808952411
1.9862107444796029,751,17,3,20,basmati,46.7196762882805
1.6981617140197451,588,21,14,29,brown,42.03110837933087
1.5360963663441205,300,10,18,21,basmati,30.920132690713267
1.3095276162863279,446,19,8,21,basmati,22.591463867382355
1.8137950197069488,586,29,10,31,white,64.51397302784491
1.6847311725538794,763,12,7,22,basmati,38.11915141614779
1.1626169393448913,441,15,0,29,basmati,8.367755103169022
1.9109271844938425,352,16,22,26,brown,41.40780846890635
1.822537242923169,603,29,24,21,basmati,64.8690837274813
1.949799913291924,368,32,23,33,white,66.26781031124385
1.72571950838836,660,34,7,20,brown,54.13866451392562
1.6134151959357899,389,36,12,33,brown,37.97373745675981
1.4182430362906189,745,27,21,25,white,61.76636847659026
1.9327284833540133,519,20,26,28,brown,56.35490499910007
1.8660638895004085,749,28,3,34,brown,54.575227972671584
1.0452186701061894,797,14,7,22,brown,16.46560489720538
1.0263669744972521,491,28,2,25,brown,17.127910925082475
1.3764633668780495,753,20,28,22,white,53.99228653083608
1.810553330781833,362,33,8,33,white,48.91876195225915
1.9872761293149446,372,21,28,32,brown,52.48528777281144
1.1504168911035282,460,19,1,20,brown,9.278851391353282
1.5941307153521351,468,17,1,33,white,35.721889164042075
1.3808908566310216,388,33,27,32,white,49.997822870322445
1.9699143978146032,475,37,12,31,white,66.43276108432116
1.8421189231357087,568,37,14,24,brown,62.48732907070013
1.8383287047111379,372,18,27,29,brown,44.0770310858915
1.4686931597949702,544,13,22,33,basmati,30.679400283338566
1.4148195023376653,376,14,11,32,white,32.91989804256838
1.2734070719307062,458,30,25,30,brown,37.3639058050066
1.0563754966509271,788,17,3,23,white,28.340167206190188
1.8647223762550533,758,32,25,26,brown,73.41640532454426
1.8129010091300777,623,18,7,25,white,47.07254581439044
1.9997176732861306,397,24,8,29,brown,38.85340306906956
1.9966368370739054,680,24,22,26,basmati,67.23886045250937
1.5554317056026274,401,25,4,24,basmati,30.605931769585947
1.7689874151805105,793,23,23,34,white,70.72348276074933
1.9447657298824281,431,17,19,34,brown,43.38389319032694
1.8496473906774114,401,27,17,23,brown,43.2273986594085
1.2473481017431975,318,19,10,26,white,23.670281728886305
1.4505441353100936,753,37,14,26,brown,65.2063508736531
1.129159415151495,781,29,27,25,white,65.03915352368283
1.9540510272587224,381,15,21,27,brown,43.83615992751538
1.60617463445088,696,21,8,23,white,50.65294651045048
1.2286428055034628,788,11,16,29,brown,27.07897560969258
1.6717006844058568,578,16,26,24,white,55.317906393910334
1.6181282404578958,638,25,25,23,brown,55.06639769432409
1.3581627180328404,664,12,11,31,basmati,24.02263187716028
1.113557592199629,630,22,6,20,brown,19.601383402934093
1.6715731955927997,428,12,9,31,white,35.081190745769916
1.5203077009037933,643,36,24,27,basmati,66.31894809851198
1.7723183917356393,609,27,25,20,brown,57.283135967221405
1.5201635011119934,754,20,24,24,basmati,51.83981305984108
1.8521815003185402,388,17,9,34,brown,30.309916728748636
1.5519068387744857,512,15,26,25,basmati,41.214834687891084
1.5609379715353864,442,10,12,25,white,33.30408961096686
1.8766536026583451,364,37,18,32,brown,55.89203674967249
1.403482866212397,375,10,10,24,brown,16.92663092434445
1.1340152284506408,498,32,12,22,white,41.53656426989396
1.028782676313339,442,17,20,34,basmati,19.42414713116039
1.7551372556736191,704,14,7,24,white,44.89316046672374
1.6203095513534647,702,37,7,31,white,69.09340782532082
1.7040797680992235,615,25,3,27,basmati,45.74471675284208
1.2129641615089106,392,20,14,33,white,28.916167155161073
1.1363714755867698,772,14,27,21,brown,34.89913146929119
1.014544665667882,716,13,10,25,brown,13.63832909444164
1.350587558806597,604,39,10,28,brown,49.21190867535884
1.589917686854633,523,15,0,27,white,27.37497251665691
1.3922440450997322,796,23,16,33,brown,44.76788529628408
1.437474922023729,590,31,14,30,brown,47.22541223076453
1.9041586944937485,727,28,19,27,brown,67.15502738423439
1.3482554670233005,401,18,5,27,brown,12.073838636724822
1.513989489159811,773,21,23,34,brown,48.87766289531879
1.783653012741143,566,20,21,32,brown,51.228350629315734
1.3965427823212702,654,23,27,26,white,56.59632447427623
1.6220867002278734,755,32,24,27,brown,68.42884568658947
1.862363708746745,409,25,14,32,brown,46.59212682376108
1.9495206236576421,761,10,8,25,basmati,41.87871046082311
1.147073480929038,629,22,13,21,white,39.202706001218374
1.9265876251614944,749,32,17,21,white,82.57335003140373
1.4921162930795382,729,30,25,27,white,71.75894765568123
1.2582443882989582,564,30,16,30,white,49.2552771476972
1.4591357562382612,302,39,17,20,brown,34.98833490291263
1.980032575285477,384,22,4,25,brown,35.93695480020529
1.4926180939928697,581,11,19,32,basmati,32.193576634844035
1.328751610287508,627,13,19,25,basmati,28.83220527760856
1.6334008543167258,603,37,8,30,white,66.29510641895841
1.2401456187781932,749,15,10,23,basmati,28.74237097675909
1.0758633281086638,753,35,23,31,basmati,61.99321151323163
1.1288797219106492,711,36,21,30,white,66.59920957199573
1.1280458389577723,416,32,0,32,white,27.257219043588016
1.1519026935122945,520,36,17,34,basmati,41.56518113564058
1.1388271726494101,453,14,5,30,brown,8.154452898349586
1.6408747448032146,452,34,26,32,basmati,57.77443707613198
1.1818800843991448,311,12,1,29,basmati,3.4854265423237587
1.3456672833238632,432,10,14,22,brown,16.36539987684822
1.8967884099060117,781,13,28,32,brown,53.77111090418144
1.4739616402628724,603,34,25,30,white,66.24847053313611
1.6675577385210272,592,29,20,22,white,62.43210212898456
1.1723198712016298,762,11,13,34,basmati,21.135810349333596
1.1922890188086708,599,35,4,34,brown,35.81608523280843
1.0408686162664789,527,39,5,32,white,44.57831448462195
1.1689350630721647,570,39,5,32,basmati,45.21653920350121
1.2785903390319586,342,14,29,20,brown,27.839567121535865
1.1770104842767468,731,12,21,22,basmati,31.392107004197275
1.0887025337570555,642,38,29,23,white,65.38449751155892
1.1206358711006008,625,37,17,30,white,52.466228471076235
1.4607787680327258,601,38,13,30,brown,52.272487696380274
1.2063337184057925,797,18,9,24,basmati,30.60323394794033
1.3642698610480755,663,29,13,22,brown,44.014128335654114
1.503417270854857,678,15,12,25,white,43.57518139326321
1.6903948286293653,726,27,29,30,white,79.13560022772346
1.039312139841099,792,15,2,33,basmati,18.454402167564904
1.7994103989090426,320,28,29,34,basmati,51.23000987492715
1.6279003894909079,706,37,5,31,basmati,63.46386929095383
1.081759031948872,406,21,28,24,brown,26.754269466944642
1.8735786241067771,635,34,7,22,basmati,65.39927306034299
1.9208724005318132,602,20,11,25,basmati,51.22455419784131
1.0610779598548636,416,11,12,25,white,18.039433499319475
1.2768776481472037,423,24,10,34,white,31.63717235119262
1.8062012797930613,698,21,11,33,basmati,51.84728014376999
1.7482596903836582,580,21,0,27,basmati,39.77339266964634
1.1845210193563773,591,18,16,21,white,31.114454099205684
1.2093493233367103,502,30,15,20,basmati,37.40332203737109
1.370472102791382,350,33,10,23,brown,29.567083615715255
1.4845229851910213,570,11,12,26,brown,26.89891128576337
1.618254771530296,623,31,17,34,brown,53.43892339410883
1.3689136395697723,576,12,10,30,basmati,27.280476546171528
1.462534716133148,440,21,27,29,white,51.95593084875207
1.7474709381337565,769,37,11,22,basmati,74.43150234312284
1.036683202890598,574,39,5,22,basmati,37.85229735675701
1.2524369443440206,589,35,8,24,white,49.00172365570825
1.7133495858845524,633,25,15,24,white,59.35226490038334
1.8952068376871993,680,30,3,32,white,67.00060526661943
1.511677442115666,751,37,2,29,brown,54.19162893657641
1.5321134852653158,795,33,27,22,basmati,78.91408680900321
1.107172011339776,672,35,15,28,white,53.39183811337343
1.4474123668234546,351,39,23,23,basmati,45.733964478487614
1.532617266455023,793,10,26,32,brown,38.71034719639112
1.2424705036347297,326,30,25,32,brown,34.01454006672777
1.2692432309493809,456,12,29,34,white,37.82365657485796
1.3772841631046226,538,29,24,22,white,56.115333490508526
1.0200711977777264,455,11,11,30,basmati,15.656825094009847
1.3220791655831783,590,18,10,21,white,37.57758135452278
1.2114480069965445,435,28,4,29,basmati,25.46304883962274
1.3274973521779145,443,24,24,32,white,44.065006098298014
1.1197621318192512,405,27,17,30,basmati,31.595752834724788
1.890527280739895,719,35,18,28,basmati,80.14225058576275
1.5935924535540487,457,20,22,23,basmati,44.71894227067342
1.6791023191444896,445,34,22,22,basmati,56.428333237026386
1.7891712386073384,301,32,5,26,brown,33.74578377793904
1.4984421989290573,732,25,21,27,basmati,56.30621396683565
1.0869202880874238,376,31,17,30,white,34.07978142224689
1.537106541818548,431,26,25,33,brown,41.722074398417156
1.586841118020879,389,14,5,21,brown,20.926792225531184
1.74543947418433,644,21,3,26,basmati,41.82493515208483
1.4316595462296795,649,20,11,31,brown,33.61029283474514
1.1275803027955638,758,39,18,24,basmati,59.20242301807258
1.2837759057987244,562,24,28,34,white,50.245371480474994
1.363082296398635,650,36,26,30,basmati,67.24046645278626
1.6459172413316012,407,12,28,24,brown,35.232055283804584
1.5707783046689119,373,10,1,22,white,25.293326980350614
1.3560967258978462,338,29,16,24,basmati,32.15980293797918
1.9865152487929798,696,38,10,31,white,84.67562481812183
1.605774819356887,458,25,10,21,white,44.478596769170515
1.2372267917359945,370,11,20,23,brown,17.136404482019643
1.1017824726204037,746,11,15,25,white,27.75028443499141
1.152859139184332,611,12,1,20,brown,5.280063642101339
1.245957728384508,540,17,1,29,white,25.985190372338703
1.1606813732595556,725,33,22,23,basmati,59.752166744487255
1.1865670240513058,744,37,7,25,white,58.254123792760495
1.285095168693847,597,24,12,28,basmati,37.990047597928964
1.1733735952947548,739,16,9,33,basmati,28.632983048786432
1.8967654246264252,335,15,7,30,white,40.14343173172595
1.0802337456616422,383,18,29,30,basmati,27.10433504534461
1.5245113895702547,751,29,3,32,white,59.33468232724209
1.4103968269896616,673,37,14,21,white,65.06737169225184
1.9823786169086064,562,10,29,30,basmati,52.904912412600325
1.1120389021680523,609,17,0,26,basmati,19.694040157495294
1.3978555990457417,684,32,10,25,brown,48.588078148913844
1.9694704332753687,471,32,6,21,basmati,55.1708021288249
1.8655071258939802,675,12,16,27,brown,39.11325137780512
1.8170720709492798,472,13,26,26,basmati,49.616788819137476
1.2579028270449397,661,35,19,30,white,67.38336611515966
1.170887587390066,346,34,23,24,basmati,38.310238884899235
1.668643219924431,678,24,17,31,white,61.340115622769396
1.929375989127586,440,15,21,24,white,55.198042359844806
1.55676289301393,674,24,28,26,white,63.75105656048772
1.5716126894698998,705,30,21,28,brown,58.18125597705875
1.2799790936602842,417,12,11,30,basmati,18.842801020832315
1.769492933191937,576,34,8,34,white,61.8971065602785
1.1870437485575234,513,30,4,28,white,34.66355199051862
1.3236792364042436,519,30,9,28,brown,32.52115875866116
1.425436438616417,692,23,3,25,basmati,37.27511393277178
1.507610378684455,325,29,4,29,basmati,28.849196455051782
1.2424097324150802,308,23,27,25,brown,28.630168297505165
1.1148368247392035,570,13,27,22,brown,25.053358062399557
1.6106200424416326,309,21,9,20,basmati,31.054960134787617
1.2886305532402558,771,26,10,26,brown,43.865323914637315
1.5812382214226122,677,16,20,23,basmati,45.289474756022635
1.1543627152742024,420,18,23,20,basmati,33.0110358076617
1.4811401018548174,424,12,9,34,white,30.053733400980004
1.5325894325515859,469,37,27,27,white,64.187678598209
1.051823536822427,371,22,7,31,basmati,18.246616276968496
1.3366042781939207,451,24,1,25,basmati,24.52028112940072
1.1344146769389742,507,27,22,25,basmati,33.39586014530629
1.0633749704727677,348,28,7,21,basmati,18.694835642288304
1.9899602323899452,453,10,15,34,basmati,42.26180573276837
1.322353844974723,646,15,26,20,basmati,42.69287393237073
1.8098744458546348,592,36,21,32,brown,64.49690858904236
1.2546406547637639,367,36,4,33,basmati,27.86398909632632
1.6815027222239292,349,32,26,33,brown,50.413720813319294
1.7602278598896866,451,36,24,21,brown,58.647962916763284
1.5956387406078443,318,36,28,23,basmati,51.8360607443359
1.4715761885501584,399,11,2,21,basmati,16.479801295636722
1.4118409141472685,359,33,11,20,brown,31.3528196705332
1.3488682665429952,466,23,12,26,brown,27.386656381496294
1.9295291442478257,501,15,12,30,basmati,42.64248353339827
1.8306194077877291,644,23,9,30,basmati,50.66605231255078
1.9650269106665126,445,13,3,34,brown,29.335610398765972
1.1242972234855446,702,30,8,31,brown,34.32666952599843
1.7308674752036444,463,17,21,27,brown,41.925335890866734
1.9383404568210378,757,39,23,25,white,97.70279198246755
1.1812330661656603,780,12,22,23,brown,28.772967325339355
1.0664962673667775,738,28,26,33,white,56.29744423898942
1.741120649290059,541,39,1,25,basmati,54.57288444528194
1.574473113179912,368,23,18,22,basmati,38.90058231599346
1.841828776758272,474,36,0,31,brown,47.267770613895415
1.1397723766262895,348,29,24,27,basmati,29.696482183268174
1.7952673118598903,782,26,28,29,basmati,72.91244691079683
1.2016273200477445,407,34,6,33,basmati,27.654983992958382
1.1636559428657045,525,17,16,32,basmati,29.183804040186878
1.164265797930993,460,33,2,32,white,31.978021733998858
1.814574720231382,418,23,19,21,white,51.01190314974579
1.6651972206962,448,35,19,24,brown,51.01961724498228
1.5230654247691193,764,15,20,20,brown,38.76561121159677
1.3588304841235024,449,32,29,25,brown,44.834999239928486
1.8772005408131083,731,31,2,21,basmati,61.283469040485635
1.3924451074226354,592,25,2,23,basmati,32.70465455746102
1.816599439471577,442,34,16,25,white,63.305362290673116
1.4391349085702183,718,28,6,29,white,53.127792788917915
1.3769444294249076,775,23,26,30,brown,50.1652994244305
1.4626797856696063,754,28,25,27,white,66.08324406321276
1.301377874164142,459,12,13,31,white,27.122033688601977
1.7476093801762511,310,19,16,27,white,44.11522970830469
1.5027203900924793,437,28,17,30,white,48.801623922181825
1.2322126951468173,756,18,12,25,white,39.39857012122744
1.8995745732745686,377,37,19,23,brown,52.685505822060485
1.3838912213732115,376,29,28,27,brown,35.054320840681
1.5435528611139886,740,22,19,32,white,61.58797977185212
1.9064721109645468,553,16,20,27,brown,43.751147036310286
1.624237995913992,708,23,26,29,basmati,56.31406860583587
1.1168980407083642,557,18,17,33,white,32.96680943017386
1.939832123613475,619,36,3,20,basmati,61.08573316943453
1.6277080530714179,590,37,0,23,brown,45.65440571567384
1.3349056146570861,562,32,17,23,brown,44.473176108412815
1.1392720726633874,384,34,0,26,basmati,25.578016316295756
1.7940251892702959,445,37,25,33,brown,60.744335196738795
1.6200727559285135,622,28,25,33,white,65.56092541796737
1.5334610919763216,341,24,12,30,basmati,33.381074319633235
1.8938925830509576,673,29,19,26,white,70.62907210523373
1.7885972112245307,424,23,19,32,basmati,47.84807104019646
1.1516748797327512,466,33,22,30,brown,35.80029949134736
1.3117220677955483,724,15,9,34,basmati,29.820686241174204
1.2484891398144657,540,30,26,27,basmati,52.70675563454987
1.743946292572677,758,38,10,30,white,76.15648432959219
1.0335324347357795,786,13,8,24,brown,13.523455235307303
1.5698896848713164,579,17,8,26,white,36.09669445033501
1.7624586857406905,487,26,4,27,brown,36.780583653124246
1.8767656367617493,601,39,25,34,white,83.10469350775902
1.3420817487159074,318,18,0,28,basmati,12.110235823889994
1.8212573046720129,367,10,16,22,white,43.68797439775122
1.1106317369552072,517,33,21,22,brown,38.27838378698813
1.846452291734518,401,29,1,23,brown,37.99576896096704
1.1274886623319824,341,34,23,24,basmati,33.882112283759
1.3972872905603673,587,23,12,29,brown,33.69762721705079
1.7972953657795536,466,20,8,20,white,48.84657606437571
1.1499174273487738,408,30,28,34,basmati,40.208094670210016
1.2292513952326414,793,12,3,34,brown,17.13161190750275
1.7222525683930663,335,18,4,26,brown,23.571065683579484
1.7200365365460744,531,36,10,28,white,63.54372320182628
1.6411476328852972,528,23,23,27,white,55.23387815224823
1.6939484444671,652,39,18,34,basmati,69.26043076811598
1.5427244433475962,463,18,20,34,brown,34.53021534273489
1.2517990589069528,686,13,2,24,white,23.500115193328014
1.3456959935039194,372,36,11,33,basmati,33.15857330640733
1.1815977168014258,435,13,25,33,brown,22.78626264109604
1.9084505613336282,652,37,18,23,brown,70.38602736522691
1.5833917947661205,678,17,18,31,basmati,51.238786252052265
1.40085141676364,369,11,12,26,basmati,19.252780038998587
1.4620058036441326,724,18,27,24,white,52.86688135589312
1.9472833396118152,786,38,6,26,brown,76.99980530147849
1.1533514031160803,495,23,14,31,brown,23.87728127118975
1.5862298320167971,568,31,22,20,brown,55.39429232884498
1.505888678884466,348,18,6,20,basmati,25.870622257081425
1.611454235434648,615,33,25,29,white,70.1277533617959
1.0181101838208404,429,32,7,33,brown,16.660325982981547
1.8721239089441515,743,25,4,32,basmati,58.71799653802887
1.9321182824836125,304,38,20,22,brown,49.36387143371209
1.565133183589209,727,39,13,33,white,77.05170626294672
1.6966508238768923,326,26,3,30,brown,29.52915384656687
1.9224993811772957,459,25,22,21,white,62.64096560736569
1.7072386343133985,448,39,9,21,white,57.510870768619135
1.1525390429142615,563,21,19,26,brown,26.377449126632193
1.5762883601668132,529,12,14,31,brown,28.813699831496606
1.606715046382856,499,20,17,29,white,41.22675747620155
1.424130671302386,349,23,19,21,basmati,36.184285387639086
1.736444235624723,366,27,12,30,white,47.82716813264467
1.9343670147690148,599,30,28,23,brown,68.47503568542842
1.9255685129067763,680,30,7,21,brown,58.97303542647857
1.450839371404132,357,14,8,25,basmati,19.84276898972729
1.1132380458407551,558,25,15,27,white,33.35776477202542
1.9848411989623345,641,29,18,29,white,75.57452870265625
1.838898086445934,625,14,15,23,white,53.35401702841082
1.124662681203267,429,12,6,34,brown,3.212792548546006
1.9208418826173723,514,21,13,24,white,53.32410055855706
1.8698963620621283,471,10,27,23,basmati,49.258344077459945
1.518838057126072,557,30,13,22,brown,44.590613823941936
1.5912754357449292,401,38,24,24,brown,56.944835918638205
1.3990027038701303,508,18,26,33,white,47.96113406266752
1.0547616388220313,590,38,3,28,basmati,39.862973273783304
1.335197241645901,653,18,25,27,brown,36.31249107834293
1.8028534485980114,770,13,14,27,brown,42.23667843429572
1.0046320230046029,585,12,2,27,white,16.646628987379923
1.3334991716911442,415,26,4,31,white,31.265999282368256
1.3981686935909434,563,11,0,27,basmati,17.379819544207024
1.5373956029379228,449,33,2,26,white,43.765029621685684
1.9198556164127605,599,10,14,27,basmati,41.23060388554884
1.3463459943659613,741,17,23,30,brown,38.829898568963436
1.3469532018962278,335,22,26,33,basmati,36.58653223958377
1.7375012481097483,752,32,7,27,basmati,67.31183656035415
1.452217940889807,632,24,28,32,basmati,54.10244460582022
1.224604822939982,776,17,3,33,brown,23.25251559485843
1.4524395161326935,586,21,1,27,white,35.46656084344916
1.1408570203797999,602,31,28,31,brown,47.62353568755304
1.1763869865062233,610,21,23,29,white,43.07126698628857
1.4983677727394797,507,23,23,26,basmati,47.337698063000374
1.418925449504548,405,24,9,31,basmati,32.16252617676753
1.9148459010681,745,24,3,20,basmati,53.80054663557102
1.3623938991166331,457,18,2,23,basmati,23.73466797537035
1.5805883502780436,420,28,1,32,basmati,33.32777585625716
1.6322642879195304,354,35,24,32,white,56.252052568324935
1.0130944565883335,699,29,16,23,white,45.672049354055616
1.6635373720167106,311,38,22,24,basmati,51.33133975680953
1.1780359668697513,444,31,20,29,brown,33.23647630890395
1.961070317469455,699,17,23,25,brown,56.20760494122118
1.148662727753113,695,30,19,23,basmati,50.03653826918786
1.4146241237270236,435,28,22,34,white,50.12744390012074
1.0853496680786439,767,15,12,21,brown,26.489591484570546
1.9968742518459472,302,29,4,25,brown,37.96759030520349
1.5021950103312425,443,34,29,34,brown,50.012846429445084
1.595385017320044,329,38,20,27,basmati,44.48587705995651
1.0670764773884276,536,28,29,34,brown,35.94192634083928
1.7499604703991778,578,13,8,27,brown,33.50138295507267
1.2099055930955858,647,32,24,26,brown,50.72228378728364
1.8980542894407137,414,16,28,25,brown,44.986432013282055
1.2051396404820072,403,37,24,21,white,53.782379852229965
1.1906877206636666,417,37,27,34,basmati,47.0626035062124
1.036549667848095,304,13,21,26,basmati,18.19016298080494
1.4720669451099992,767,31,5,30,white,63.988404686387724
1.5648411332626164,659,21,4,31,white,47.427466246373434
1.0657086394283524,547,22,24,33,basmati,36.125171627795524
1.7755276166950105,663,12,9,33,brown,34.93055636450288
1.4532888347480277,620,31,7,24,brown,44.07051466990254
1.5243902693275801,420,21,6,25,basmati,29.721144714527334
1.440762746938228,585,11,6,29,brown,19.033259363423756
1.400763060875326,448,33,5,27,white,42.542361142654805
1.5596403313082179,383,11,20,33,brown,27.482435922923102
1.1552402459307125,753,36,28,27,brown,59.840590889283035
1.1819281304952711,705,32,19,22,brown,47.75791175456711
1.8617856210135173,765,18,2,31,basmati,44.37920402255112
1.9461154621336327,755,10,18,31,white,54.00455045620644
1.373309316279753,530,17,21,33,brown,27.791909643640295
1.2707446731435539,587,32,14,26,basmati,46.48416262013076
1.6439995432390158,460,15,3,20,brown,20.050872834993857
1.4087341710980965,571,15,27,20,white,44.956454723312
1.0253863556603449,759,31,11,26,brown,40.80534455393035
1.1561525973661904,337,34,5,34,white,29.73236960585247
1.7159722288473975,799,27,18,34,brown,63.21413518859736
1.6589239419101514,525,26,3,29,white,46.385281250878364
1.0270959925034835,441,38,14,28,brown,27.656905153587456
1.2219721619329493,591,21,8,26,white,35.84690173684804
1.2310747965880715,780,15,4,29,brown,17.94495649981261
1.6718927435987285,450,35,12,24,brown,48.25948644076134
1.019710537754364,413,36,22,27,basmati,38.090834337896034
1.104108581984574,536,17,25,21,basmati,33.93432716131559
1.7999160853731895,365,28,17,28,white,53.59050450759773
1.1785446620543336,660,37,29,25,brown,56.75013155772252
1.6527461078518746,640,19,29,32,white,58.26070518911977
1.2381827810467265,557,10,4,28,basmati,12.103993639120379
1.0994413927593452,774,34,24,21,white,62.659094062785734
1.243172190999454,548,38,15,22,white,56.17060260874765
1.7222669318556592,756,22,26,31,basmati,65.93756229314559
1.8556964681062857,748,26,18,27,brown,63.39559539528981
1.8302198645669916,630,12,13,20,white,46.90233475255932
1.397183529618455,622,17,24,34,basmati,46.03682476319295
1.6680851365706462,479,23,29,29,brown,49.08048176810057
1.204984295415821,489,12,15,34,basmati,22.028338781279103
1.2931477302610133,706,25,26,34,white,57.64091353615478
1.8963358185211199,453,22,14,34,brown,43.23679958050747
1.013001923510736,495,29,21,26,brown,31.295626070561543
1.085508530854468,765,33,3,26,basmati,42.86333970822902
1.2078862551460272,610,26,6,32,basmati,31.806359023192694
1.0265322038738196,561,22,15,20,basmati,29.09050140900242
1.1814354350897973,718,38,23,28,brown,58.42628189138597
1.5830415609696922,705,15,21,27,brown,40.69042087484523
1.4214245505924978,726,26,20,23,white,58.94110318961099
1.8926717110769748,442,23,21,29,brown,48.96307712679524
1.817443561738441,641,26,20,30,white,66.23388518660937
1.341817351697876,615,39,7,24,basmati,51.05990443077291
1.2594234334312926,400,17,16,21,basmati,23.92464101653625
1.379692408167267,543,20,15,32,brown,32.37773038225706
1.5902949425148076,789,29,26,28,basmati,71.28246994028812
1.2680636408228763,311,37,22,34,basmati,40.15564681657908
1.624148907849134,538,10,9,31,brown,26.207839128565475
1.4094116521912405,348,35,9,31,white,38.868554567696236
1.5520471808519802,341,16,26,25,brown,35.616260479346494
1.4361265291353167,465,30,1,22,white,38.186990789354056
1.2944657595419176,381,30,29,31,brown,38.48413403139788
1.9484533069621568,728,26,8,26,brown,59.75582051140677
1.7636057941597607,590,39,16,28,basmati,70.57805118455308
1.1401131757664524,457,19,10,22,brown,15.48529414766951
1.8684679758979128,515,20,9,21,brown,41.19970991754658
1.4874311982495136,789,31,21,26,white,69.67483387446761
1.8945522268940915,457,39,24,26,basmati,70.2012294669563
1.7998552559473153,761,18,16,23,white,56.02531122900653
1.4252135044692333,433,18,3,30,white,26.368342998601932
1.0224693083201175,366,33,15,28,basmati,28.30622181347149
1.268677359384946,635,14,19,33,basmati,26.281002285382726
1.541634214660867,306,26,14,27,basmati,38.30862600204454
1.6334782198261473,735,18,24,32,brown,50.38847366640121
1.2578876854332024,313,26,26,32,basmati,31.113144164931324
1.1393560740728241,372,33,20,20,basmati,39.24036848094942
1.8349302367992992,698,30,4,20,basmati,65.00729763251053
1.9844021807035521,704,28,5,24,white,67.29159971797472
1.5256901823026858,462,36,16,25,white,54.155896046953174
1.1716792858483034,365,16,0,22,brown,8.565420296490743
1.272307326519369,646,32,24,32,white,60.410090337371685
1.0183906765474666,429,18,18,28,brown,16.671527645070793
1.914298806560499,718,16,3,31,white,52.002996735610914
1.1177510828901411,765,22,16,29,basmati,38.81522828237046
1.5765164755142536,505,20,8,33,white,39.936713575694405
1.274055220687206,575,23,23,34,brown,34.69347559834349
1.5541780025157934,765,28,1,25,white,53.75871357329662
1.6514203883518643,555,20,7,23,basmati,38.23024972773996
1.8297418037072015,565,22,14,31,brown,43.81331353424851
1.206421271760603,324,23,6,26,basmati,15.939246395028253
1.0109958286584804,749,22,26,27,basmati,42.25837013424709
1.1368856300688073,580,10,5,28,brown,3.8268508401767845
1.900018641848105,552,17,0,32,basmati,36.57705798184404
1.8738900775625154,609,21,14,30,basmati,57.14148245727562
1.5974131021703082,588,28,22,25,white,61.30927065054169
1.6005168604336535,463,21,25,34,basmati,46.2521593040704
1.6650366745462555,394,17,6,25,basmati,29.954957577054692
1.1753712786234496,569,17,28,27,basmati,35.751124163944226
1.9144119459249598,620,38,29,31,basmati,85.08648161509964
1.4187705248920732,409,30,24,24,brown,41.583504757363954
1.3831385282494975,635,22,16,33,white,46.2244130693484
1.5189177052828375,609,21,1,22,basmati,33.209931214036054
1.046965966775055,537,38,26,31,basmati,52.87000203582867
1.1662833687560794,680,25,8,22,brown,27.34220476998983
1.7380336164263706,735,10,28,32,basmati,49.05963660804264
1.0827986679251265,686,22,8,25,brown,24.741102544355858
1.603152109466388,782,35,12,21,white,73.08611968034248
1.245349109681321,724,16,5,25,white,30.81941199183117
1.3892956140419765,689,37,5,32,basmati,53.24022827802718
1.2886937367706999,324,35,19,25,basmati,37.84631131467604
1.3556727164649491,440,14,19,27,basmati,26.707812673424844
1.7190459051842455,416,17,20,26,brown,39.71900482292977
1.2971217156231751,781,34,2,27,basmati,51.96659935986004
1.5664046402968972,691,36,16,33,basmati,65.9715044990064
1.4760504021990997,704,23,16,28,white,51.7290643162052
1.6636711653626481,781,32,11,25,basmati,68.60456629497267
1.936829739324758,751,39,15,33,white,88.8222498922569
1.7325720972102503,324,22,14,22,basmati,36.62712339274582
1.2149403785907569,378,24,12,29,white,32.607867221410544
1.0311831350612848,367,32,22,22,basmati,29.82431308525142
1.2622640442998252,472,26,0,30,white,29.14144027728332
1.595077930700255,743,24,16,31,brown,51.858720337207046
1.0514258134842502,311,29,2,20,white,18.924765339668962
1.4963662472012365,587,27,25,30,white,63.40753524903696
1.5968428489168893,427,27,14,34,white,46.033840408813056
1.334243890816961,395,11,3,32,basmati,14.063313970027945
1.770912203745822,391,13,3,34,basmati,28.628352537390754
1.1065982531337717,440,39,17,24,basmati,41.305708088126806
1.0751377817358088,330,10,16,33,brown,11.39851400573409
1.7281887562036033,633,13,18,23,brown,38.69080513990996
1.4954913162061985,319,27,10,28,white,36.45187385108408
1.688402396427736,445,14,19,34,brown,31.524418006842158
1.4348273386037462,776,28,2,28,white,52.90055297983105
1.2464020332391068,615,24,7,34,white,36.79898752710444
1.8191023176741998,746,37,13,33,white,83.45643663082706
1.7994158789689791,689,17,25,24,brown,50.874463509209384
1.6946964708544268,459,29,0,29,basmati,38.66685142479721
1.2721451372299626,648,26,13,23,brown,33.796530386104756
1.590230666869087,342,10,1,26,white,20.519383166069456
1.3609738969400267,553,21,28,34,white,54.15396151126449
1.0915820733266342,429,35,22,25,brown,34.511937963519124
1.9173135754622428,359,28,3,23,white,47.9179059216616
1.1368186309189614,450,24,23,32,white,36.99097799015725
1.9502373538208024,766,18,26,32,brown,62.34335166723156
1.4460057729579558,586,16,28,34,brown,40.401418524727475
1.1851329288386196,798,11,18,29,brown,21.62179522789164
1.541900947378358,304,38,5,21,white,37.77041329383539
1.8729458358764082,766,18,24,20,white,65.42919320206038
1.7322248864095613,717,19,0,23,basmati,40.77137230371463
1.8065611478614496,565,11,16,23,basmati,41.27378019758423
1.6587833667107175,644,28,7,32,brown,46.35726835704153
1.6922765645178526,429,20,18,20,basmati,45.686868888415106
1.8491956515653194,681,22,20,25,white,64.11316177719951
1.249668008859186,566,19,0,23,basmati,19.08398307111876
1.4894249636431405,477,23,4,20,white,36.594119043526575
1.2212094418196022,552,27,26,20,brown,37.3167611876066
1.9876680079966471,714,28,15,34,brown,66.53572601264496
1.9440593396866133,355,31,5,32,white,51.1789011569543
1.039426811368506,762,18,7,20,basmati,24.360627452176363
1.7055751725156885,756,34,12,27,brown,63.96707999692587
1.9252483174156658,770,16,15,29,brown,51.469976495794945
1.1805753451273335,382,37,29,27,basmati,46.9420303553873
1.5679452305526294,692,12,2,21,basmati,27.342202760516695
1.9154882975880418,398,29,18,30,white,61.22834450899965
1.0339459785857987,448,15,11,32,basmati,16.936206265906925
1.69742026724684,628,36,15,26,basmati,66.75259266762384
1.2973490073725507,455,30,26,33,basmati,45.34970431206237
1.9243961953765303,489,11,10,27,white,44.61469970756322
1.9710582451653678,793,38,9,27,white,86.43702685107392
1.944266489113434,670,15,24,30,brown,52.539241124951204
1.4742142166574639,562,12,19,29,white,38.511113475583066
1.8620426509893133,379,25,3,34,brown,33.646909523917486
1.8445493985350705,699,39,11,30,basmati,72.54517681715865
1.3191004732432556,551,17,22,32,brown,28.994873657989245
1.8289154741506772,396,11,1,26,brown,21.992914706603877
1.0370076347154926,559,26,23,24,basmati,39.24105255163371
1.596269878482053,559,18,21,20,brown,40.481119192563035
1.230008837287703,402,39,18,31,white,48.70326077161339
1.1205668857772788,339,21,24,28,white,34.96786311150294
1.0769532016292092,572,12,4,32,white,17.586386856025218
1.6962887758781398,400,20,7,26,white,39.87436196065048
1.3398749637680663,658,10,6,21,brown,13.744500323885513
1.7247667715287616,679,32,13,25,brown,62.93352301368646
1.0653563407989424,607,22,23,21,basmati,33.370651174611695
1.3152903378306102,520,24,22,34,brown,36.70038074830793
1.5394912923753372,607,35,2,20,brown,46.6237382421018
1.7907231648389637,719,14,17,33,brown,44.68502728839473
1.31875250293207,423,30,15,26,basmati,34.80186921471359
1.625891376437009,721,39,22,32,white,82.70826247133823
1.8859777482361872,530,26,18,21,brown,51.53516132074053
1.6158631881823045,477,34,18,32,basmati,50.397447114116886
1.2329594747536339,362,32,17,33,basmati,34.214511703438596
1.0244007815565381,784,33,19,33,basmati,53.009594291109465
1.8700988739009299,415,34,15,21,white,64.18462038039868
1.0212694108503872,490,15,7,32,brown,9.41946472954827
1.8747016726841994,361,37,27,30,basmati,63.3334503800668
1.528937134027212,555,30,0,24,white,44.158359997088795
1.939067698512896,782,31,16,33,basmati,77.15202585073813
1.7987832357736653,306,20,11,24,basmati,36.57753234730479
1.9979341105333375,454,27,29,26,basmati,66.51472803852694
1.3507118154517102,391,13,20,20,basmati,31.816106641801177
1.767188288931127,769,12,10,27,basmati,38.8405340385512
1.4019309136092422,313,22,4,22,white,26.378877300517285
1.479875620303909,754,32,26,23,brown,66.2529523046816
1.62750546321837,528,18,11,34,brown,32.15897448291991
1.8736771141863389,385,30,16,28,brown,50.58644873727163
1.984083469199295,432,15,5,23,brown,35.5064561006817
1.7682734138645182,482,35,0,29,white,51.23667775547663
1.4177667821673339,685,39,4,31,white,62.80586574586625
1.42135700227707,361,37,24,34,white,51.17212338180774
1.7375823015888914,518,21,27,24,basmati,53.142271497802
1.2387771457683023,704,11,13,26,basmati,24.271431997468646
1.1104741131313947,545,12,4,23,basmati,14.885654571883371
1.3546221576407764,529,12,21,33,brown,27.556704608772886
1.2872389916540818,378,37,23,20,basmati,43.939782873616366
1.29630812045599,448,21,26,28,brown,34.760087366835684
1.23360775104991,437,24,0,23,basmati,20.840452374828157
1.0420931896363619,770,18,29,28,brown,33.20499536277902
1.0178739347334138,613,32,17,25,basmati,41.47187399484279
1.9877223897360317,675,17,15,34,basmati,54.87758607332822
1.4277731337358623,722,20,8,20,white,45.18559476627859
1.3843266471596816,688,25,18,31,basmati,48.022824380214104
1.67964728269307,364,35,21,22,basmati,50.340267928143945
1.2182538878650642,312,36,4,30,white,28.8311016521528
1.9499611839502253,512,34,26,21,brown,65.72049892374748
1.7863450144155522,773,31,1,28,white,65.85290123126474
1.0894110023122594,541,13,29,34,white,34.68118311775477
1.4175807757849284,792,37,14,31,brown,63.1193943312354
1.8791183075621647,512,10,6,20,basmati,36.20191662521817
1.9447320222914102,480,33,3,32,brown,51.03700228272674
1.4674015112498697,637,16,0,33,basmati,28.51729972707361
1.6134113892107078,784,11,12,28,basmati,33.12125027290111
1.1670339460920753,472,33,19,28,brown,34.159271864115475
1.9911686261369765,459,37,21,27,white,73.6874014164416
1.2316717013834433,463,14,6,27,brown,8.577844424158531
1.9427317741351255,764,16,14,30,basmati,52.562601533827774
1.6496466489923685,782,13,22,33,brown,42.00222309465903
1.6077367948788592,796,14,13,31,brown,35.759386714059815
1.5126885110165085,487,33,22,20,basmati,53.777997048260225
1.2306698117177586,694,10,18,30,white,28.567720949393852
1.1765280320055083,490,10,21,27,brown,17.231494628719904
1.2204862090701754,704,24,28,29,basmati,50.90116990443641
1.1864382621442546,607,29,23,33,basmati,47.40332120375176
1.7795844735667532,555,28,19,22,brown,54.64960398353169
1.35012525916673,482,38,28,30,white,62.78488791619292
1.0578426765633964,416,19,23,26,brown,20.49021248836381
1.9691026301408114,581,37,17,30,white,78.87897301339727
1.8837858849634257,495,27,9,34,white,54.52359759622671
1.927752283195213,333,37,8,20,white,54.35883656511898
1.9949078226464354,351,12,24,20,white,51.439636092450996
1.1738952492194872,411,20,7,29,brown,16.44342933294899
1.3962420189026588,551,24,25,32,basmati,46.734415737852416
1.7582384757040912,381,36,29,24,basmati,63.90135414962339
1.6960206180537922,531,39,28,24,basmati,72.25637587517174
1.153895906339855,526,20,9,27,basmati,22.404247805305243
1.8158331249906179,532,26,16,26,basmati,55.243961287607135
1.2244405718366607,520,26,1,27,basmati,27.720622838016705
1.223817614822623,735,15,5,25,brown,19.256071401501508
1.5369744228934135,712,14,25,25,white,50.87039045609979
1.592939934841703,721,17,4,21,basmati,35.879755117805495
1.580086207837811,341,11,27,25,brown,32.40488669680002
1.0914868373977549,320,25,29,24,basmati,32.09792715558608
1.8774608626303804,341,29,8,32,basmati,42.914890478889255
1.265600042588706,696,33,4,22,white,49.02131655395492
1.1295149212828042,412,21,17,25,white,33.22068157028295
1.8887480798689773,404,15,25,27,white,55.54510841988571
1.9556514982297535,491,10,19,28,basmati,44.06889181262268
1.8621276172654506,316,13,8,20,basmati,33.78764409697047
1.8095160747248782,419,26,16,22,basmati,46.37864517079145
1.6552419806390217,692,22,26,22,white,60.33792667801752
1.5508573706091393,724,27,16,30,brown,54.109528963110726
1.0869867599114102,428,14,11,27,basmati,15.96722332699692
1.4084532130706986,429,39,6,20,basmati,40.675583444276654
1.372688517012314,359,33,26,24,basmati,45.2848982985673
1.2597537837603263,347,33,2,22,brown,25.628981039331045
1.723420113688585,328,36,9,21,basmati,45.28633973056851
1.4958757350787708,396,12,1,34,brown,11.585731681906923
1.081046215907648,309,20,24,27,basmati,21.26846414856708
1.2201832019498113,541,22,2,22,brown,20.899424608070657
1.683258763659596,613,13,15,26,basmati,41.377267201436425
1.0761308594903003,743,35,1,31,white,49.9691980357058
1.8512069140487686,531,36,27,30,white,76.14517970941428
1.4951465270139743,576,23,23,20,white,54.63841214034275
1.480586577326648,583,31,9,25,white,50.9399923767624
1.5924077846595175,502,20,5,22,basmati,35.04562929761361
1.824680965925149,546,36,21,27,white,75.76131487841973
1.347809207902193,589,19,25,25,brown,36.13187255949126
1.6780161525590636,563,28,10,31,white,57.16320411810294
1.5657319639957912,742,27,22,21,white,67.61803191713082
1.2670282701694213,513,15,6,25,white,26.46852215547952
1.878629986355158,499,36,26,26,basmati,68.23932612945563
1.797426021606928,732,38,28,24,white,92.75848982380697
1.6584518346584254,378,24,14,22,brown,33.83842583542261
1.850581729094242,700,30,5,23,white,66.87408700470151
1.8672942009598024,743,39,19,23,white,93.17889643739639
1.7083629767150348,642,19,26,25,white,61.09206039971038
1.837013328363672,643,14,8,29,brown,34.48251321487553
1.6974714616692836,472,35,21,20,white,65.66466402828023
1.6801407717603003,766,38,19,30,brown,75.66613688587273
1.6186113782151843,368,14,11,23,brown,29.08263877817142
1.7527166395576412,715,19,18,29,white,59.29695002583544
1.1586051052930737,727,37,19,32,brown,54.12344858298985
1.8808707591989284,748,14,2,23,basmati,42.61328991248804
1.871843527745232,386,12,14,29,white,43.45274647567332
1.0292472830345591,400,32,1,20,white,24.127525928730442
1.8258167505647627,307,15,29,28,brown,40.76723619178355
1.1288698674734452,632,13,20,23,brown,21.67536461126286
1.335118854259142,499,27,1,26,white,34.39969543432946
1.7435082562916078,386,37,21,31,basmati,56.56255784827342
1.160759896048308,342,18,2,33,brown,5.623826695513405
1.8179670241190622,684,26,5,22,brown,49.81281270613754
1.8321341779577418,408,38,14,29,basmati,54.973169079489395
1.5074677337608362,734,22,26,31,basmati,54.18141875968254
1.0063858717168337,707,36,9,22,white,52.68118625060511
1.2870381331749128,782,24,8,33,basmati,43.36005063964889
1.6169269183757422,451,39,0,27,white,46.795442949131754
1.9811861780274236,316,29,15,27,basmati,47.065516462942064
1.6318135270166683,432,26,5,30,brown,30.001155821895193
1.2598035810641597,447,22,8,31,white,30.18855288897671
1.6340057030996114,576,25,26,20,white,64.50066322107003
1.5399853797158554,531,31,3,29,white,46.86311234430751
1.7798453951511437,613,13,26,21,basmati,48.610159236818504
1.1069806388269585,714,14,27,27,brown,29.548715176091253
1.7610279025020281,665,14,1,20,white,39.4958973949095
1.5412665786761104,527,18,28,34,white,49.30225385399048
1.9629920038589947,438,26,3,31,white,48.10153690376185
1.341872166038686,735,22,0,27,white,35.943172554963446
1.632621893133948,698,11,18,27,brown,39.65796597108217
1.9320281055100175,510,22,25,21,basmati,61.51683753473738
1.1025097279906793,690,31,24,23,brown,46.091123223529436
1.9372284872364511,798,30,9,25,white,78.71936226200937
1.6878857223008135,327,36,20,31,brown,43.86829355294996
1.0678370591051718,350,32,14,30,white,33.399787056816315
1.3009635669468163,790,28,26,28,basmati,61.068212514033945
1.7081720886452816,741,12,21,34,basmati,44.871495013541825
1.0673506014687717,560,19,18,27,basmati,29.35881104161246
1.5821704601762732,560,11,15,31,white,38.695576751565525
1.3458830569529567,649,22,20,34,brown,39.990277571007674
1.620915517767477,651,28,26,27,basmati,64.02690620021443
1.045742033812513,307,35,23,26,white,36.39564676685462
1.8715368061523763,619,26,21,33,white,70.47843476949593
1.973488969177397,437,30,3,32,brown,49.39160516672999
1.9688778552856916,337,23,1,28,basmati,40.68899951046156
1.7496518317429248,410,21,29,34,white,57.889429058940976
1.130086240130632,779,30,24,21,brown,51.000137034795074
